add log in GW 
I (1514) common_gpio: Starting GPIO initialization...
I (1514) common_gpio: STBY GPIO 17 set to HIGH
I (1514) common_gpio: Motor GPIOs initialized
I (1524) common_gpio: All GPIOs initialized
I (1524) common_gpio: LEDC channels initialized
I (1534) GW_TCP_SERVER: tcp_server_task started on port 9001
I (1534) GW_TCP_SERVER: TCP Server listening on port 9001
I (1544) GW_TCP_SERVER: tcp_server_task started on port 9002
I (1544) GW_TCP_SERVER: TCP Server listening on port 9002
I (1554) WEB_OTAGW: OTA Gateway Webserver started
系统初始化完成，等待客户端连接...
I (1564) main_task: Returned from app_main()
I (7554) wifi:new:<1,0>, old:<1,1>, ap:<1,0>, sta:<255,255>, prof:1, snd_ch_cfg:0x0
I (7554) wifi:station: a4:5e:60:c5:69:75 join, AID=1, bgn, 20
I (7744) wifi:<ba-add>idx:2 (ifx:1, a4:5e:60:c5:69:75), tid:6, ssn:2, winSize:64
I (7764) esp_netif_lwip: DHCP server assigned IP to a client, IP is: 192.168.4.2
I (8014) wifi:<ba-add>idx:3 (ifx:1, a4:5e:60:c5:69:75), tid:0, ssn:0, winSize:64
I (15214) GW_TCP_SERVER: Client connected, sock=37, ip=192.168.4.2, port=50801
I (15214) GW_TCP_SERVER: OTA Server socket set: 37
I (15224) GW_TCP_SERVER: TCP__10__tcp rx all raw data:  :: len = 44,  raw = {"msg_type": "hello", "role": "ota_server"}

7B 22 6D 73 67 5F 74 79 70 65 22 3A 20 22 68 65 6C 6C 6F 22 2C 20 22 72 6F 6C 65 22 3A 20 22 6F 74 61 5F 73 65 72 76 65 72 22 7D 0A 
I (15244) GW_TCP_DEBUG::: tcp-loop start: sock: 37,  start_idx = 0,  rx_len = 44
I (15244) GW_TCP_DEBUG::: tco-loop-new-line-found: line_end_idx= 43
I (15254) GW_TCP_SERVER: tcp-01-03json: sock =37 , msg_len = 43, json = {"msg_type": "hello", "role": "ota_server"} 
I (15264) GW_TCP_SERVER: tcp-01-04-Rx JSON from sock 37 :: {"msg_type": "hello", "role": "ota_server"}
I (15274) GW_TCP_SERVER: tcp-02-03-dispatching to msg_handler : sock = 37.  role = 1,  json= {"msg_type": "hello", "role": "ota_server"}
I (15284) GW_MSG_HANDLER: Processing message from sock 37 (role=1): {"msg_type": "hello", "role": "ota_server"}
I (15294) GW_MSG_HANDLER: OTA server hello received on sock 37
I (15304) GW_MSG_HANDLER: Msg_handler Finish parse for msg_type = hello
I (15304) GW_TCP_SERVER: tcp-02-04-msg dispatched continuing parse loop
W (15314) GW_TCP_DEBUG::: tcp-15-01-update last seen finish and lock
W (15314) GW_TCP_DEBUG::: tcp-35-01-time is 15314..
W (15324) GW_TCP_DEBUG::: tcp-15-02-update last seen finish and unlock
I (15324) GW_TCP_DEBUG::: tcp-before-lock sock =37
I (15334) GW_TCP_DEBUG::: tcp-after-lock sock =37
I (15334) GW_TCP_DEBUG::: tcp-loop start: sock: 37,  start_idx = 44,  rx_len = 44
I (15344) GW_TCP_SERVER: tcp-01-no new line in sock : 37, remain = 0
I (15354) GW_TCP_SERVER: tcp-03-01-compacting buffer : 0
I (16574) GW_TCP_SERVER: TCP__10__tcp rx all raw data:  :: len = 32,  raw = {"msg_type": "keep_alive_ack0"}

7B 22 6D 73 67 5F 74 79 70 65 22 3A 20 22 6B 65 65 70 5F 61 6C 69 76 65 5F 61 63 6B 30 22 7D 0A 
I (16584) GW_TCP_DEBUG::: tcp-loop start: sock: 37,  start_idx = 0,  rx_len = 32
I (16594) GW_TCP_DEBUG::: tco-loop-new-line-found: line_end_idx= 31
I (16594) GW_TCP_SERVER: tcp-01-03json: sock =37 , msg_len = 31, json = {"msg_type": "keep_alive_ack0"} 
I (16604) GW_TCP_SERVER: tcp-01-04-Rx JSON from sock 37 :: {"msg_type": "keep_alive_ack0"}
I (16614) GW_TCP_SERVER: tcp-02-03-dispatching to msg_handler : sock = 37.  role = 1,  json= {"msg_type": "keep_alive_ack0"}
I (16624) GW_MSG_HANDLER: Processing message from sock 37 (role=1): {"msg_type": "keep_alive_ack0"}
I (16634) GW_MSG_HANDLER: non known json data rxed.
I (16634) GW_MSG_HANDLER: Msg_handler Finish parse for msg_type = keep_alive_ack0
I (16644) GW_TCP_SERVER: tcp-02-04-msg dispatched continuing parse loop
W (16654) GW_TCP_DEBUG::: tcp-15-01-update last seen finish and lock
W (16654) GW_TCP_DEBUG::: tcp-35-01-time is 16654..
W (16664) GW_TCP_DEBUG::: tcp-15-02-update last seen finish and unlock
I (16664) GW_TCP_DEBUG::: tcp-before-lock sock =37
I (16674) GW_TCP_DEBUG::: tcp-after-lock sock =37
I (16674) GW_TCP_DEBUG::: tcp-loop start: sock: 37,  start_idx = 32,  rx_len = 32
I (16684) GW_TCP_SERVER: tcp-01-no new line in sock : 37, remain = 0
I (16694) GW_TCP_SERVER: tcp-03-01-compacting buffer : 0
I (17494) wifi:<ba-add>idx:4 (ifx:1, a4:5e:60:c5:69:75), tid:1, ssn:0, winSize:64
I (21554) GW_TCP_SERVER: TCP__10__tcp rx all raw data:  :: len = 32,  raw = {"msg_type": "keep_alive_ack1"}

7B 22 6D 73 67 5F 74 79 70 65 22 3A 20 22 6B 65 65 70 5F 61 6C 69 76 65 5F 61 63 6B 31 22 7D 0A 
I (21554) GW_TCP_DEBUG::: tcp-loop start: sock: 37,  start_idx = 0,  rx_len = 32
I (21564) GW_TCP_DEBUG::: tco-loop-new-line-found: line_end_idx= 31
I (21574) GW_TCP_SERVER: tcp-01-03json: sock =37 , msg_len = 31, json = {"msg_type": "keep_alive_ack1"} 
I (21584) GW_TCP_SERVER: tcp-01-04-Rx JSON from sock 37 :: {"msg_type": "keep_alive_ack1"}
I (21594) GW_TCP_SERVER: tcp-02-03-dispatching to msg_handler : sock = 37.  role = 1,  json= {"msg_type": "keep_alive_ack1"}
I (21604) GW_MSG_HANDLER: Processing message from sock 37 (role=1): {"msg_type": "keep_alive_ack1"}
I (21614) GW_MSG_HANDLER: non known json data rxed.
I (21614) GW_MSG_HANDLER: Msg_handler Finish parse for msg_type = keep_alive_ack1
I (21624) GW_TCP_SERVER: tcp-02-04-msg dispatched continuing parse loop
W (21624) GW_TCP_DEBUG::: tcp-15-01-update last seen finish and lock
W (21634) GW_TCP_DEBUG::: tcp-35-01-time is 21634..
W (21634) GW_TCP_DEBUG::: tcp-15-02-update last seen finish and unlock
I (21644) GW_TCP_DEBUG::: tcp-before-lock sock =37
I (21644) GW_TCP_DEBUG::: tcp-after-lock sock =37
I (21654) GW_TCP_DEBUG::: tcp-loop start: sock: 37,  start_idx = 32,  rx_len = 32
I (21664) GW_TCP_SERVER: tcp-01-no new line in sock : 37, remain = 0
I (21664) GW_TCP_SERVER: tcp-03-01-compacting buffer : 0
I (26554) GW_TCP_SERVER: TCP__10__tcp rx all raw data:  :: len = 32,  raw = {"msg_type": "keep_alive_ack2"}

7B 22 6D 73 67 5F 74 79 70 65 22 3A 20 22 6B 65 65 70 5F 61 6C 69 76 65 5F 61 63 6B 32 22 7D 0A 
I (26564) GW_TCP_DEBUG::: tcp-loop start: sock: 37,  start_idx = 0,  rx_len = 32
I (26564) GW_TCP_DEBUG::: tco-loop-new-line-found: line_end_idx= 31
I (26574) GW_TCP_SERVER: tcp-01-03json: sock =37 , msg_len = 31, json = {"msg_type": "keep_alive_ack2"} 
I (26584) GW_TCP_SERVER: tcp-01-04-Rx JSON from sock 37 :: {"msg_type": "keep_alive_ack2"}
I (26594) GW_TCP_SERVER: tcp-02-03-dispatching to msg_handler : sock = 37.  role = 1,  json= {"msg_type": "keep_alive_ack2"}
I (26604) GW_MSG_HANDLER: Processing message from sock 37 (role=1): {"msg_type": "keep_alive_ack2"}
I (26614) GW_MSG_HANDLER: non known json data rxed.
I (26614) GW_MSG_HANDLER: Msg_handler Finish parse for msg_type = keep_alive_ack2
I (26624) GW_TCP_SERVER: tcp-02-04-msg dispatched continuing parse loop
W (26634) GW_TCP_DEBUG::: tcp-15-01-update last seen finish and lock
W (26634) GW_TCP_DEBUG::: tcp-35-01-time is 26634..
W (26644) GW_TCP_DEBUG::: tcp-15-02-update last seen finish and unlock
I (26644) GW_TCP_DEBUG::: tcp-before-lock sock =37
I (26654) GW_TCP_DEBUG::: tcp-after-lock sock =37
I (26654) GW_TCP_DEBUG::: tcp-loop start: sock: 37,  start_idx = 32,  rx_len = 32
I (26664) GW_TCP_SERVER: tcp-01-no new line in sock : 37, remain = 0
I (26664) GW_TCP_SERVER: tcp-03-01-compacting buffer : 0
I (31554) GW_TCP_SERVER: TCP__10__tcp rx all raw data:  :: len = 32,  raw = {"msg_type": "keep_alive_ack3"}

7B 22 6D 73 67 5F 74 79 70 65 22 3A 20 22 6B 65 65 70 5F 61 6C 69 76 65 5F 61 63 6B 33 22 7D 0A 
I (31564) GW_TCP_DEBUG::: tcp-loop start: sock: 37,  start_idx = 0,  rx_len = 32
I (31564) GW_TCP_DEBUG::: tco-loop-new-line-found: line_end_idx= 31
I (31574) GW_TCP_SERVER: tcp-01-03json: sock =37 , msg_len = 31, json = {"msg_type": "keep_alive_ack3"} 
I (31584) GW_TCP_SERVER: tcp-01-04-Rx JSON from sock 37 :: {"msg_type": "keep_alive_ack3"}
I (31594) GW_TCP_SERVER: tcp-02-03-dispatching to msg_handler : sock = 37.  role = 1,  json= {"msg_type": "keep_alive_ack3"}
I (31604) GW_MSG_HANDLER: Processing message from sock 37 (role=1): {"msg_type": "keep_alive_ack3"}
I (31614) GW_MSG_HANDLER: non known json data rxed.
I (31614) GW_MSG_HANDLER: Msg_handler Finish parse for msg_type = keep_alive_ack3
I (31624) GW_TCP_SERVER: tcp-02-04-msg dispatched continuing parse loop
W (31624) GW_TCP_DEBUG::: tcp-15-01-update last seen finish and lock
W (31634) GW_TCP_DEBUG::: tcp-35-01-time is 31634..
W (31634) GW_TCP_DEBUG::: tcp-15-02-update last seen finish and unlock
I (31644) GW_TCP_DEBUG::: tcp-before-lock sock =37
I (31644) GW_TCP_DEBUG::: tcp-after-lock sock =37
I (31654) GW_TCP_DEBUG::: tcp-loop start: sock: 37,  start_idx = 32,  rx_len = 32
I (31664) GW_TCP_SERVER: tcp-01-no new line in sock : 37, remain = 0
I (31664) GW_TCP_SERVER: tcp-03-01-compacting buffer : 0
I (36554) GW_TCP_SERVER: TCP__10__tcp rx all raw data:  :: len = 32,  raw = {"msg_type": "keep_alive_ack4"}

7B 22 6D 73 67 5F 74 79 70 65 22 3A 20 22 6B 65 65 70 5F 61 6C 69 76 65 5F 61 63 6B 34 22 7D 0A 
I (36564) GW_TCP_DEBUG::: tcp-loop start: sock: 37,  start_idx = 0,  rx_len = 32
I (36564) GW_TCP_DEBUG::: tco-loop-new-line-found: line_end_idx= 31
I (36574) GW_TCP_SERVER: tcp-01-03json: sock =37 , msg_len = 31, json = {"msg_type": "keep_alive_ack4"} 
I (36584) GW_TCP_SERVER: tcp-01-04-Rx JSON from sock 37 :: {"msg_type": "keep_alive_ack4"}
I (36594) GW_TCP_SERVER: tcp-02-03-dispatching to msg_handler : sock = 37.  role = 1,  json= {"msg_type": "keep_alive_ack4"}
I (36604) GW_MSG_HANDLER: Processing message from sock 37 (role=1): {"msg_type": "keep_alive_ack4"}
I (36614) GW_MSG_HANDLER: non known json data rxed.
I (36614) GW_MSG_HANDLER: Msg_handler Finish parse for msg_type = keep_alive_ack4
I (36624) GW_TCP_SERVER: tcp-02-04-msg dispatched continuing parse loop
W (36624) GW_TCP_DEBUG::: tcp-15-01-update last seen finish and lock
W (36634) GW_TCP_DEBUG::: tcp-35-01-time is 36634..
W (36634) GW_TCP_DEBUG::: tcp-15-02-update last seen finish and unlock
I (36644) GW_TCP_DEBUG::: tcp-before-lock sock =37
I (36644) GW_TCP_DEBUG::: tcp-after-lock sock =37
I (36654) GW_TCP_DEBUG::: tcp-loop start: sock: 37,  start_idx = 32,  rx_len = 32
I (36664) GW_TCP_SERVER: tcp-01-no new line in sock : 37, remain = 0
I (36664) GW_TCP_SERVER: tcp-03-01-compacting buffer : 0
I (41554) GW_TCP_SERVER: TCP__10__tcp rx all raw data:  :: len = 32,  raw = {"msg_type": "keep_alive_ack5"}

7B 22 6D 73 67 5F 74 79 70 65 22 3A 20 22 6B 65 65 70 5F 61 6C 69 76 65 5F 61 63 6B 35 22 7D 0A 
I (41564) GW_TCP_DEBUG::: tcp-loop start: sock: 37,  start_idx = 0,  rx_len = 32
I (41564) GW_TCP_DEBUG::: tco-loop-new-line-found: line_end_idx= 31
I (41574) GW_TCP_SERVER: tcp-01-03json: sock =37 , msg_len = 31, json = {"msg_type": "keep_alive_ack5"} 
I (41584) GW_TCP_SERVER: tcp-01-04-Rx JSON from sock 37 :: {"msg_type": "keep_alive_ack5"}
I (41594) GW_TCP_SERVER: tcp-02-03-dispatching to msg_handler : sock = 37.  role = 1,  json= {"msg_type": "keep_alive_ack5"}
I (41604) GW_MSG_HANDLER: Processing message from sock 37 (role=1): {"msg_type": "keep_alive_ack5"}
I (41614) GW_MSG_HANDLER: non known json data rxed.
I (41614) GW_MSG_HANDLER: Msg_handler Finish parse for msg_type = keep_alive_ack5
I (41624) GW_TCP_SERVER: tcp-02-04-msg dispatched continuing parse loop
W (41624) GW_TCP_DEBUG::: tcp-15-01-update last seen finish and lock
W (41634) GW_TCP_DEBUG::: tcp-35-01-time is 41634..
W (41644) GW_TCP_DEBUG::: tcp-15-02-update last seen finish and unlock
I (41644) GW_TCP_DEBUG::: tcp-before-lock sock =37
I (41654) GW_TCP_DEBUG::: tcp-after-lock sock =37
I (41654) GW_TCP_DEBUG::: tcp-loop start: sock: 37,  start_idx = 32,  rx_len = 32
I (41664) GW_TCP_SERVER: tcp-01-no new line in sock : 37, remain = 0
I (41664) GW_TCP_SERVER: tcp-03-01-compacting buffer : 0
I (46554) GW_TCP_SERVER: TCP__10__tcp rx all raw data:  :: len = 32,  raw = {"msg_type": "keep_alive_ack6"}

7B 22 6D 73 67 5F 74 79 70 65 22 3A 20 22 6B 65 65 70 5F 61 6C 69 76 65 5F 61 63 6B 36 22 7D 0A 
I (46564) GW_TCP_DEBUG::: tcp-loop start: sock: 37,  start_idx = 0,  rx_len = 32
I (46564) GW_TCP_DEBUG::: tco-loop-new-line-found: line_end_idx= 31
I (46574) GW_TCP_SERVER: tcp-01-03json: sock =37 , msg_len = 31, json = {"msg_type": "keep_alive_ack6"} 
I (46584) GW_TCP_SERVER: tcp-01-04-Rx JSON from sock 37 :: {"msg_type": "keep_alive_ack6"}
I (46594) GW_TCP_SERVER: tcp-02-03-dispatching to msg_handler : sock = 37.  role = 1,  json= {"msg_type": "keep_alive_ack6"}
I (46604) GW_MSG_HANDLER: Processing message from sock 37 (role=1): {"msg_type": "keep_alive_ack6"}
I (46614) GW_MSG_HANDLER: non known json data rxed.
I (46614) GW_MSG_HANDLER: Msg_handler Finish parse for msg_type = keep_alive_ack6
I (46624) GW_TCP_SERVER: tcp-02-04-msg dispatched continuing parse loop
W (46624) GW_TCP_DEBUG::: tcp-15-01-update last seen finish and lock
W (46634) GW_TCP_DEBUG::: tcp-35-01-time is 46634..
W (46634) GW_TCP_DEBUG::: tcp-15-02-update last seen finish and unlock
I (46644) GW_TCP_DEBUG::: tcp-before-lock sock =37
I (46654) GW_TCP_DEBUG::: tcp-after-lock sock =37
I (46654) GW_TCP_DEBUG::: tcp-loop start: sock: 37,  start_idx = 32,  rx_len = 32
I (46664) GW_TCP_SERVER: tcp-01-no new line in sock : 37, remain = 0
I (46664) GW_TCP_SERVER: tcp-03-01-compacting buffer : 0
I (51644) GW_TCP_SERVER: TCP__10__tcp rx all raw data:  :: len = 32,  raw = {"msg_type": "keep_alive_ack7"}

7B 22 6D 73 67 5F 74 79 70 65 22 3A 20 22 6B 65 65 70 5F 61 6C 69 76 65 5F 61 63 6B 37 22 7D 0A 
I (51644) GW_TCP_DEBUG::: tcp-loop start: sock: 37,  start_idx = 0,  rx_len = 32
I (51654) GW_TCP_DEBUG::: tco-loop-new-line-found: line_end_idx= 31
I (51664) GW_TCP_SERVER: tcp-01-03json: sock =37 , msg_len = 31, json = {"msg_type": "keep_alive_ack7"} 
I (51674) GW_TCP_SERVER: tcp-01-04-Rx JSON from sock 37 :: {"msg_type": "keep_alive_ack7"}
I (51674) GW_TCP_SERVER: tcp-02-03-dispatching to msg_handler : sock = 37.  role = 1,  json= {"msg_type": "keep_alive_ack7"}
I (51684) GW_MSG_HANDLER: Processing message from sock 37 (role=1): {"msg_type": "keep_alive_ack7"}
I (51694) GW_MSG_HANDLER: non known json data rxed.
I (51704) GW_MSG_HANDLER: Msg_handler Finish parse for msg_type = keep_alive_ack7
I (51714) GW_TCP_SERVER: tcp-02-04-msg dispatched continuing parse loop
W (51714) GW_TCP_DEBUG::: tcp-15-01-update last seen finish and lock
W (51724) GW_TCP_DEBUG::: tcp-35-01-time is 51724..
W (51724) GW_TCP_DEBUG::: tcp-15-02-update last seen finish and unlock
I (51734) GW_TCP_DEBUG::: tcp-before-lock sock =37
I (51734) GW_TCP_DEBUG::: tcp-after-lock sock =37
I (51744) GW_TCP_DEBUG::: tcp-loop start: sock: 37,  start_idx = 32,  rx_len = 32
I (51744) GW_TCP_SERVER: tcp-01-no new line in sock : 37, remain = 0
I (51754) GW_TCP_SERVER: tcp-03-01-compacting buffer : 0
I (56584) GW_TCP_SERVER: TCP__10__tcp rx all raw data:  :: len = 32,  raw = {"msg_type": "keep_alive_ack8"}

7B 22 6D 73 67 5F 74 79 70 65 22 3A 20 22 6B 65 65 70 5F 61 6C 69 76 65 5F 61 63 6B 38 22 7D 0A 
I (56594) GW_TCP_DEBUG::: tcp-loop start: sock: 37,  start_idx = 0,  rx_len = 32
I (56604) GW_TCP_DEBUG::: tco-loop-new-line-found: line_end_idx= 31
I (56604) GW_TCP_SERVER: tcp-01-03json: sock =37 , msg_len = 31, json = {"msg_type": "keep_alive_ack8"} 
I (56614) GW_TCP_SERVER: tcp-01-04-Rx JSON from sock 37 :: {"msg_type": "keep_alive_ack8"}
I (56624) GW_TCP_SERVER: tcp-02-03-dispatching to msg_handler : sock = 37.  role = 1,  json= {"msg_type": "keep_alive_ack8"}
I (56634) GW_MSG_HANDLER: Processing message from sock 37 (role=1): {"msg_type": "keep_alive_ack8"}
I (56644) GW_MSG_HANDLER: non known json data rxed.
I (56654) GW_MSG_HANDLER: Msg_handler Finish parse for msg_type = keep_alive_ack8
I (56654) GW_TCP_SERVER: tcp-02-04-msg dispatched continuing parse loop
W (56664) GW_TCP_DEBUG::: tcp-15-01-update last seen finish and lock
W (56674) GW_TCP_DEBUG::: tcp-35-01-time is 56674..
W (56674) GW_TCP_DEBUG::: tcp-15-02-update last seen finish and unlock
I (56684) GW_TCP_DEBUG::: tcp-before-lock sock =37
I (56684) GW_TCP_DEBUG::: tcp-after-lock sock =37
I (56684) GW_TCP_DEBUG::: tcp-loop start: sock: 37,  start_idx = 32,  rx_len = 32
I (56694) GW_TCP_SERVER: tcp-01-no new line in sock : 37, remain = 0
I (56704) GW_TCP_SERVER: tcp-03-01-compacting buffer : 0
I (61554) GW_TCP_SERVER: TCP__10__tcp rx all raw data:  :: len = 32,  raw = {"msg_type": "keep_alive_ack9"}

7B 22 6D 73 67 5F 74 79 70 65 22 3A 20 22 6B 65 65 70 5F 61 6C 69 76 65 5F 61 63 6B 39 22 7D 0A 
I (61564) GW_TCP_DEBUG::: tcp-loop start: sock: 37,  start_idx = 0,  rx_len = 32
I (61564) GW_TCP_DEBUG::: tco-loop-new-line-found: line_end_idx= 31
I (61574) GW_TCP_SERVER: tcp-01-03json: sock =37 , msg_len = 31, json = {"msg_type": "keep_alive_ack9"} 
I (61584) GW_TCP_SERVER: tcp-01-04-Rx JSON from sock 37 :: {"msg_type": "keep_alive_ack9"}
I (61594) GW_TCP_SERVER: tcp-02-03-dispatching to msg_handler : sock = 37.  role = 1,  json= {"msg_type": "keep_alive_ack9"}
I (61604) GW_MSG_HANDLER: Processing message from sock 37 (role=1): {"msg_type": "keep_alive_ack9"}
I (61614) GW_MSG_HANDLER: non known json data rxed.
I (61614) GW_MSG_HANDLER: Msg_handler Finish parse for msg_type = keep_alive_ack9
I (61624) GW_TCP_SERVER: tcp-02-04-msg dispatched continuing parse loop
W (61624) GW_TCP_DEBUG::: tcp-15-01-update last seen finish and lock
W (61634) GW_TCP_DEBUG::: tcp-35-01-time is 61634..
W (61634) GW_TCP_DEBUG::: tcp-15-02-update last seen finish and unlock
I (61644) GW_TCP_DEBUG::: tcp-before-lock sock =37
I (61654) GW_TCP_DEBUG::: tcp-after-lock sock =37
I (61654) GW_TCP_DEBUG::: tcp-loop start: sock: 37,  start_idx = 32,  rx_len = 32
I (61664) GW_TCP_SERVER: tcp-01-no new line in sock : 37, remain = 0
I (61664) GW_TCP_SERVER: tcp-03-01-compacting buffer : 0
I (66554) GW_TCP_SERVER: TCP__10__tcp rx all raw data:  :: len = 33,  raw = {"msg_type": "keep_alive_ack10"}

7B 22 6D 73 67 5F 74 79 70 65 22 3A 20 22 6B 65 65 70 5F 61 6C 69 76 65 5F 61 63 6B 31 30 22 7D 0A 
I (66564) GW_TCP_DEBUG::: tcp-loop start: sock: 37,  start_idx = 0,  rx_len = 33
I (66564) GW_TCP_DEBUG::: tco-loop-new-line-found: line_end_idx= 32
I (66574) GW_TCP_SERVER: tcp-01-03json: sock =37 , msg_len = 32, json = {"msg_type": "keep_alive_ack10"} 
I (66584) GW_TCP_SERVER: tcp-01-04-Rx JSON from sock 37 :: {"msg_type": "keep_alive_ack10"}
I (66594) GW_TCP_SERVER: tcp-02-03-dispatching to msg_handler : sock = 37.  role = 1,  json= {"msg_type": "keep_alive_ack10"}
I (66604) GW_MSG_HANDLER: Processing message from sock 37 (role=1): {"msg_type": "keep_alive_ack10"}
I (66614) GW_MSG_HANDLER: non known json data rxed.
I (66614) GW_MSG_HANDLER: Msg_handler Finish parse for msg_type = keep_alive_ack10
I (66624) GW_TCP_SERVER: tcp-02-04-msg dispatched continuing parse loop
W (66624) GW_TCP_DEBUG::: tcp-15-01-update last seen finish and lock
W (66634) GW_TCP_DEBUG::: tcp-35-01-time is 66634..
W (66634) GW_TCP_DEBUG::: tcp-15-02-update last seen finish and unlock
I (66644) GW_TCP_DEBUG::: tcp-before-lock sock =37
I (66654) GW_TCP_DEBUG::: tcp-after-lock sock =37
I (66654) GW_TCP_DEBUG::: tcp-loop start: sock: 37,  start_idx = 33,  rx_len = 33
I (66664) GW_TCP_SERVER: tcp-01-no new line in sock : 37, remain = 0
I (66664) GW_TCP_SERVER: tcp-03-01-compacting buffer : 0
I (71554) GW_TCP_SERVER: TCP__10__tcp rx all raw data:  :: len = 33,  raw = {"msg_type": "keep_alive_ack11"}

7B 22 6D 73 67 5F 74 79 70 65 22 3A 20 22 6B 65 65 70 5F 61 6C 69 76 65 5F 61 63 6B 31 31 22 7D 0A 
I (71564) GW_TCP_DEBUG::: tcp-loop start: sock: 37,  start_idx = 0,  rx_len = 33
I (71574) GW_TCP_DEBUG::: tco-loop-new-line-found: line_end_idx= 32
I (71574) GW_TCP_SERVER: tcp-01-03json: sock =37 , msg_len = 32, json = {"msg_type": "keep_alive_ack11"} 
I (71584) GW_TCP_SERVER: tcp-01-04-Rx JSON from sock 37 :: {"msg_type": "keep_alive_ack11"}
I (71594) GW_TCP_SERVER: tcp-02-03-dispatching to msg_handler : sock = 37.  role = 1,  json= {"msg_type": "keep_alive_ack11"}
I (71604) GW_MSG_HANDLER: Processing message from sock 37 (role=1): {"msg_type": "keep_alive_ack11"}
I (71614) GW_MSG_HANDLER: non known json data rxed.
I (71624) GW_MSG_HANDLER: Msg_handler Finish parse for msg_type = keep_alive_ack11
I (71624) GW_TCP_SERVER: tcp-02-04-msg dispatched continuing parse loop
W (71634) GW_TCP_DEBUG::: tcp-15-01-update last seen finish and lock
W (71634) GW_TCP_DEBUG::: tcp-35-01-time is 71634..
W (71644) GW_TCP_DEBUG::: tcp-15-02-update last seen finish and unlock
I (71654) GW_TCP_DEBUG::: tcp-before-lock sock =37
I (71654) GW_TCP_DEBUG::: tcp-after-lock sock =37
I (71654) GW_TCP_DEBUG::: tcp-loop start: sock: 37,  start_idx = 33,  rx_len = 33
I (71664) GW_TCP_SERVER: tcp-01-no new line in sock : 37, remain = 0
I (71674) GW_TCP_SERVER: tcp-03-01-compacting buffer : 0
I (76554) GW_TCP_SERVER: TCP__10__tcp rx all raw data:  :: len = 33,  raw = {"msg_type": "keep_alive_ack12"}

7B 22 6D 73 67 5F 74 79 70 65 22 3A 20 22 6B 65 65 70 5F 61 6C 69 76 65 5F 61 63 6B 31 32 22 7D 0A 
I (76564) GW_TCP_DEBUG::: tcp-loop start: sock: 37,  start_idx = 0,  rx_len = 33
I (76574) GW_TCP_DEBUG::: tco-loop-new-line-found: line_end_idx= 32
I (76584) GW_TCP_SERVER: tcp-01-03json: sock =37 , msg_len = 32, json = {"msg_type": "keep_alive_ack12"} 
I (76584) GW_TCP_SERVER: tcp-01-04-Rx JSON from sock 37 :: {"msg_type": "keep_alive_ack12"}
I (76594) GW_TCP_SERVER: tcp-02-03-dispatching to msg_handler : sock = 37.  role = 1,  json= {"msg_type": "keep_alive_ack12"}
I (76604) GW_MSG_HANDLER: Processing message from sock 37 (role=1): {"msg_type": "keep_alive_ack12"}
I (76614) GW_MSG_HANDLER: non known json data rxed.
I (76624) GW_MSG_HANDLER: Msg_handler Finish parse for msg_type = keep_alive_ack12
I (76624) GW_TCP_SERVER: tcp-02-04-msg dispatched continuing parse loop
W (76634) GW_TCP_DEBUG::: tcp-15-01-update last seen finish and lock
W (76644) GW_TCP_DEBUG::: tcp-35-01-time is 76644..
W (76644) GW_TCP_DEBUG::: tcp-15-02-update last seen finish and unlock
I (76654) GW_TCP_DEBUG::: tcp-before-lock sock =37
I (76654) GW_TCP_DEBUG::: tcp-after-lock sock =37
I (76664) GW_TCP_DEBUG::: tcp-loop start: sock: 37,  start_idx = 33,  rx_len = 33
I (76664) GW_TCP_SERVER: tcp-01-no new line in sock : 37, remain = 0
I (76674) GW_TCP_SERVER: tcp-03-01-compacting buffer : 0
I (81554) GW_TCP_SERVER: TCP__10__tcp rx all raw data:  :: len = 33,  raw = {"msg_type": "keep_alive_ack13"}

7B 22 6D 73 67 5F 74 79 70 65 22 3A 20 22 6B 65 65 70 5F 61 6C 69 76 65 5F 61 63 6B 31 33 22 7D 0A 
I (81564) GW_TCP_DEBUG::: tcp-loop start: sock: 37,  start_idx = 0,  rx_len = 33
I (81564) GW_TCP_DEBUG::: tco-loop-new-line-found: line_end_idx= 32
I (81574) GW_TCP_SERVER: tcp-01-03json: sock =37 , msg_len = 32, json = {"msg_type": "keep_alive_ack13"} 
I (81584) GW_TCP_SERVER: tcp-01-04-Rx JSON from sock 37 :: {"msg_type": "keep_alive_ack13"}
I (81594) GW_TCP_SERVER: tcp-02-03-dispatching to msg_handler : sock = 37.  role = 1,  json= {"msg_type": "keep_alive_ack13"}
I (81604) GW_MSG_HANDLER: Processing message from sock 37 (role=1): {"msg_type": "keep_alive_ack13"}
I (81614) GW_MSG_HANDLER: non known json data rxed.
I (81614) GW_MSG_HANDLER: Msg_handler Finish parse for msg_type = keep_alive_ack13
I (81624) GW_TCP_SERVER: tcp-02-04-msg dispatched continuing parse loop
W (81634) GW_TCP_DEBUG::: tcp-15-01-update last seen finish and lock
W (81634) GW_TCP_DEBUG::: tcp-35-01-time is 81634..
W (81644) GW_TCP_DEBUG::: tcp-15-02-update last seen finish and unlock
I (81644) GW_TCP_DEBUG::: tcp-before-lock sock =37
I (81654) GW_TCP_DEBUG::: tcp-after-lock sock =37
I (81654) GW_TCP_DEBUG::: tcp-loop start: sock: 37,  start_idx = 33,  rx_len = 33
I (81664) GW_TCP_SERVER: tcp-01-no new line in sock : 37, remain = 0
I (81664) GW_TCP_SERVER: tcp-03-01-compacting buffer : 0
I (86554) GW_TCP_SERVER: TCP__10__tcp rx all raw data:  :: len = 33,  raw = {"msg_type": "keep_alive_ack14"}

7B 22 6D 73 67 5F 74 79 70 65 22 3A 20 22 6B 65 65 70 5F 61 6C 69 76 65 5F 61 63 6B 31 34 22 7D 0A 
I (86564) GW_TCP_DEBUG::: tcp-loop start: sock: 37,  start_idx = 0,  rx_len = 33
I (86564) GW_TCP_DEBUG::: tco-loop-new-line-found: line_end_idx= 32
I (86574) GW_TCP_SERVER: tcp-01-03json: sock =37 , msg_len = 32, json = {"msg_type": "keep_alive_ack14"} 
I (86584) GW_TCP_SERVER: tcp-01-04-Rx JSON from sock 37 :: {"msg_type": "keep_alive_ack14"}
I (86594) GW_TCP_SERVER: tcp-02-03-dispatching to msg_handler : sock = 37.  role = 1,  json= {"msg_type": "keep_alive_ack14"}
I (86604) GW_MSG_HANDLER: Processing message from sock 37 (role=1): {"msg_type": "keep_alive_ack14"}
I (86614) GW_MSG_HANDLER: non known json data rxed.
I (86614) GW_MSG_HANDLER: Msg_handler Finish parse for msg_type = keep_alive_ack14
I (86624) GW_TCP_SERVER: tcp-02-04-msg dispatched continuing parse loop
W (86624) GW_TCP_DEBUG::: tcp-15-01-update last seen finish and lock
W (86634) GW_TCP_DEBUG::: tcp-35-01-time is 86634..
W (86634) GW_TCP_DEBUG::: tcp-15-02-update last seen finish and unlock
I (86644) GW_TCP_DEBUG::: tcp-before-lock sock =37
I (86654) GW_TCP_DEBUG::: tcp-after-lock sock =37
I (86654) GW_TCP_DEBUG::: tcp-loop start: sock: 37,  start_idx = 33,  rx_len = 33
I (86664) GW_TCP_SERVER: tcp-01-no new line in sock : 37, remain = 0
I (86664) GW_TCP_SERVER: tcp-03-01-compacting buffer : 0
I (91554) GW_TCP_SERVER: TCP__10__tcp rx all raw data:  :: len = 33,  raw = {"msg_type": "keep_alive_ack15"}

7B 22 6D 73 67 5F 74 79 70 65 22 3A 20 22 6B 65 65 70 5F 61 6C 69 76 65 5F 61 63 6B 31 35 22 7D 0A 
I (91564) GW_TCP_DEBUG::: tcp-loop start: sock: 37,  start_idx = 0,  rx_len = 33
I (91564) GW_TCP_DEBUG::: tco-loop-new-line-found: line_end_idx= 32
I (91574) GW_TCP_SERVER: tcp-01-03json: sock =37 , msg_len = 32, json = {"msg_type": "keep_alive_ack15"} 
I (91584) GW_TCP_SERVER: tcp-01-04-Rx JSON from sock 37 :: {"msg_type": "keep_alive_ack15"}
I (91594) GW_TCP_SERVER: tcp-02-03-dispatching to msg_handler : sock = 37.  role = 1,  json= {"msg_type": "keep_alive_ack15"}
I (91604) GW_MSG_HANDLER: Processing message from sock 37 (role=1): {"msg_type": "keep_alive_ack15"}
I (91614) GW_MSG_HANDLER: non known json data rxed.
I (91614) GW_MSG_HANDLER: Msg_handler Finish parse for msg_type = keep_alive_ack15
I (91624) GW_TCP_SERVER: tcp-02-04-msg dispatched continuing parse loop
W (91624) GW_TCP_DEBUG::: tcp-15-01-update last seen finish and lock
W (91634) GW_TCP_DEBUG::: tcp-35-01-time is 91634..
W (91634) GW_TCP_DEBUG::: tcp-15-02-update last seen finish and unlock
I (91644) GW_TCP_DEBUG::: tcp-before-lock sock =37
I (91654) GW_TCP_DEBUG::: tcp-after-lock sock =37
I (91654) GW_TCP_DEBUG::: tcp-loop start: sock: 37,  start_idx = 33,  rx_len = 33
I (91664) GW_TCP_SERVER: tcp-01-no new line in sock : 37, remain = 0
I (91664) GW_TCP_SERVER: tcp-03-01-compacting buffer : 0
I (96554) GW_TCP_SERVER: TCP__10__tcp rx all raw data:  :: len = 33,  raw = {"msg_type": "keep_alive_ack16"}

7B 22 6D 73 67 5F 74 79 70 65 22 3A 20 22 6B 65 65 70 5F 61 6C 69 76 65 5F 61 63 6B 31 36 22 7D 0A 
I (96564) GW_TCP_DEBUG::: tcp-loop start: sock: 37,  start_idx = 0,  rx_len = 33
I (96564) GW_TCP_DEBUG::: tco-loop-new-line-found: line_end_idx= 32
I (96574) GW_TCP_SERVER: tcp-01-03json: sock =37 , msg_len = 32, json = {"msg_type": "keep_alive_ack16"} 
I (96584) GW_TCP_SERVER: tcp-01-04-Rx JSON from sock 37 :: {"msg_type": "keep_alive_ack16"}
I (96594) GW_TCP_SERVER: tcp-02-03-dispatching to msg_handler : sock = 37.  role = 1,  json= {"msg_type": "keep_alive_ack16"}
I (96604) GW_MSG_HANDLER: Processing message from sock 37 (role=1): {"msg_type": "keep_alive_ack16"}
I (96614) GW_MSG_HANDLER: non known json data rxed.
I (96614) GW_MSG_HANDLER: Msg_handler Finish parse for msg_type = keep_alive_ack16
I (96624) GW_TCP_SERVER: tcp-02-04-msg dispatched continuing parse loop
W (96624) GW_TCP_DEBUG::: tcp-15-01-update last seen finish and lock
W (96634) GW_TCP_DEBUG::: tcp-35-01-time is 96634..
W (96644) GW_TCP_DEBUG::: tcp-15-02-update last seen finish and unlock
I (96644) GW_TCP_DEBUG::: tcp-before-lock sock =37
I (96654) GW_TCP_DEBUG::: tcp-after-lock sock =37
I (96654) GW_TCP_DEBUG::: tcp-loop start: sock: 37,  start_idx = 33,  rx_len = 33
I (96664) GW_TCP_SERVER: tcp-01-no new line in sock : 37, remain = 0
I (96664) GW_TCP_SERVER: tcp-03-01-compacting buffer : 0
I (101554) GW_TCP_SERVER: TCP__10__tcp rx all raw data:  :: len = 33,  raw = {"msg_type": "keep_alive_ack17"}

7B 22 6D 73 67 5F 74 79 70 65 22 3A 20 22 6B 65 65 70 5F 61 6C 69 76 65 5F 61 63 6B 31 37 22 7D 0A 
I (101564) GW_TCP_DEBUG::: tcp-loop start: sock: 37,  start_idx = 0,  rx_len = 33
I (101564) GW_TCP_DEBUG::: tco-loop-new-line-found: line_end_idx= 32
I (101574) GW_TCP_SERVER: tcp-01-03json: sock =37 , msg_len = 32, json = {"msg_type": "keep_alive_ack17"} 
I (101584) GW_TCP_SERVER: tcp-01-04-Rx JSON from sock 37 :: {"msg_type": "keep_alive_ack17"}
I (101594) GW_TCP_SERVER: tcp-02-03-dispatching to msg_handler : sock = 37.  role = 1,  json= {"msg_type": "keep_alive_ack17"}
I (101604) GW_MSG_HANDLER: Processing message from sock 37 (role=1): {"msg_type": "keep_alive_ack17"}
I (101614) GW_MSG_HANDLER: non known json data rxed.
I (101614) GW_MSG_HANDLER: Msg_handler Finish parse for msg_type = keep_alive_ack17
I (101624) GW_TCP_SERVER: tcp-02-04-msg dispatched continuing parse loop
W (101634) GW_TCP_DEBUG::: tcp-15-01-update last seen finish and lock
W (101634) GW_TCP_DEBUG::: tcp-35-01-time is 101634..
W (101644) GW_TCP_DEBUG::: tcp-15-02-update last seen finish and unlock
I (101644) GW_TCP_DEBUG::: tcp-before-lock sock =37
I (101654) GW_TCP_DEBUG::: tcp-after-lock sock =37
I (101654) GW_TCP_DEBUG::: tcp-loop start: sock: 37,  start_idx = 33,  rx_len = 33
I (101664) GW_TCP_SERVER: tcp-01-no new line in sock : 37, remain = 0
I (101674) GW_TCP_SERVER: tcp-03-01-compacting buffer : 0
I (106554) GW_TCP_SERVER: TCP__10__tcp rx all raw data:  :: len = 33,  raw = {"msg_type": "keep_alive_ack18"}

7B 22 6D 73 67 5F 74 79 70 65 22 3A 20 22 6B 65 65 70 5F 61 6C 69 76 65 5F 61 63 6B 31 38 22 7D 0A 
I (106564) GW_TCP_DEBUG::: tcp-loop start: sock: 37,  start_idx = 0,  rx_len = 33
I (106564) GW_TCP_DEBUG::: tco-loop-new-line-found: line_end_idx= 32
I (106574) GW_TCP_SERVER: tcp-01-03json: sock =37 , msg_len = 32, json = {"msg_type": "keep_alive_ack18"} 
I (106584) GW_TCP_SERVER: tcp-01-04-Rx JSON from sock 37 :: {"msg_type": "keep_alive_ack18"}
I (106594) GW_TCP_SERVER: tcp-02-03-dispatching to msg_handler : sock = 37.  role = 1,  json= {"msg_type": "keep_alive_ack18"}
I (106604) GW_MSG_HANDLER: Processing message from sock 37 (role=1): {"msg_type": "keep_alive_ack18"}
I (106614) GW_MSG_HANDLER: non known json data rxed.
I (106614) GW_MSG_HANDLER: Msg_handler Finish parse for msg_type = keep_alive_ack18
I (106624) GW_TCP_SERVER: tcp-02-04-msg dispatched continuing parse loop
W (106634) GW_TCP_DEBUG::: tcp-15-01-update last seen finish and lock
W (106634) GW_TCP_DEBUG::: tcp-35-01-time is 106634..
W (106644) GW_TCP_DEBUG::: tcp-15-02-update last seen finish and unlock
I (106644) GW_TCP_DEBUG::: tcp-before-lock sock =37
I (106654) GW_TCP_DEBUG::: tcp-after-lock sock =37
I (106654) GW_TCP_DEBUG::: tcp-loop start: sock: 37,  start_idx = 33,  rx_len = 33
I (106664) GW_TCP_SERVER: tcp-01-no new line in sock : 37, remain = 0
I (106674) GW_TCP_SERVER: tcp-03-01-compacting buffer : 0
I (111554) GW_TCP_SERVER: TCP__10__tcp rx all raw data:  :: len = 33,  raw = {"msg_type": "keep_alive_ack19"}

7B 22 6D 73 67 5F 74 79 70 65 22 3A 20 22 6B 65 65 70 5F 61 6C 69 76 65 5F 61 63 6B 31 39 22 7D 0A 
I (111564) GW_TCP_DEBUG::: tcp-loop start: sock: 37,  start_idx = 0,  rx_len = 33
I (111564) GW_TCP_DEBUG::: tco-loop-new-line-found: line_end_idx= 32
I (111574) GW_TCP_SERVER: tcp-01-03json: sock =37 , msg_len = 32, json = {"msg_type": "keep_alive_ack19"} 
I (111584) GW_TCP_SERVER: tcp-01-04-Rx JSON from sock 37 :: {"msg_type": "keep_alive_ack19"}
I (111594) GW_TCP_SERVER: tcp-02-03-dispatching to msg_handler : sock = 37.  role = 1,  json= {"msg_type": "keep_alive_ack19"}
I (111604) GW_MSG_HANDLER: Processing message from sock 37 (role=1): {"msg_type": "keep_alive_ack19"}
I (111614) GW_MSG_HANDLER: non known json data rxed.
I (111614) GW_MSG_HANDLER: Msg_handler Finish parse for msg_type = keep_alive_ack19
I (111624) GW_TCP_SERVER: tcp-02-04-msg dispatched continuing parse loop
W (111624) GW_TCP_DEBUG::: tcp-15-01-update last seen finish and lock
W (111634) GW_TCP_DEBUG::: tcp-35-01-time is 111634..
W (111644) GW_TCP_DEBUG::: tcp-15-02-update last seen finish and unlock
I (111644) GW_TCP_DEBUG::: tcp-before-lock sock =37
I (111654) GW_TCP_DEBUG::: tcp-after-lock sock =37
I (111654) GW_TCP_DEBUG::: tcp-loop start: sock: 37,  start_idx = 33,  rx_len = 33
I (111664) GW_TCP_SERVER: tcp-01-no new line in sock : 37, remain = 0
I (111664) GW_TCP_SERVER: tcp-03-01-compacting buffer : 0
I (116554) GW_TCP_SERVER: TCP__10__tcp rx all raw data:  :: len = 33,  raw = {"msg_type": "keep_alive_ack20"}

7B 22 6D 73 67 5F 74 79 70 65 22 3A 20 22 6B 65 65 70 5F 61 6C 69 76 65 5F 61 63 6B 32 30 22 7D 0A 
I (116564) GW_TCP_DEBUG::: tcp-loop start: sock: 37,  start_idx = 0,  rx_len = 33
I (116564) GW_TCP_DEBUG::: tco-loop-new-line-found: line_end_idx= 32
I (116574) GW_TCP_SERVER: tcp-01-03json: sock =37 , msg_len = 32, json = {"msg_type": "keep_alive_ack20"} 
I (116584) GW_TCP_SERVER: tcp-01-04-Rx JSON from sock 37 :: {"msg_type": "keep_alive_ack20"}
I (116594) GW_TCP_SERVER: tcp-02-03-dispatching to msg_handler : sock = 37.  role = 1,  json= {"msg_type": "keep_alive_ack20"}
I (116604) GW_MSG_HANDLER: Processing message from sock 37 (role=1): {"msg_type": "keep_alive_ack20"}
I (116614) GW_MSG_HANDLER: non known json data rxed.
I (116614) GW_MSG_HANDLER: Msg_handler Finish parse for msg_type = keep_alive_ack20
I (116624) GW_TCP_SERVER: tcp-02-04-msg dispatched continuing parse loop
W (116634) GW_TCP_DEBUG::: tcp-15-01-update last seen finish and lock
W (116634) GW_TCP_DEBUG::: tcp-35-01-time is 116634..
W (116644) GW_TCP_DEBUG::: tcp-15-02-update last seen finish and unlock
I (116644) GW_TCP_DEBUG::: tcp-before-lock sock =37
I (116654) GW_TCP_DEBUG::: tcp-after-lock sock =37
I (116654) GW_TCP_DEBUG::: tcp-loop start: sock: 37,  start_idx = 33,  rx_len = 33
I (116664) GW_TCP_SERVER: tcp-01-no new line in sock : 37, remain = 0
I (116674) GW_TCP_SERVER: tcp-03-01-compacting buffer : 0
I (121574) GW_TCP_SERVER: TCP__10__tcp rx all raw data:  :: len = 33,  raw = {"msg_type": "keep_alive_ack21"}

7B 22 6D 73 67 5F 74 79 70 65 22 3A 20 22 6B 65 65 70 5F 61 6C 69 76 65 5F 61 63 6B 32 31 22 7D 0A 
I (121584) GW_TCP_DEBUG::: tcp-loop start: sock: 37,  start_idx = 0,  rx_len = 33
I (121584) GW_TCP_DEBUG::: tco-loop-new-line-found: line_end_idx= 32
I (121594) GW_TCP_SERVER: tcp-01-03json: sock =37 , msg_len = 32, json = {"msg_type": "keep_alive_ack21"} 
I (121604) GW_TCP_SERVER: tcp-01-04-Rx JSON from sock 37 :: {"msg_type": "keep_alive_ack21"}
I (121614) GW_TCP_SERVER: tcp-02-03-dispatching to msg_handler : sock = 37.  role = 1,  json= {"msg_type": "keep_alive_ack21"}
I (121624) GW_MSG_HANDLER: Processing message from sock 37 (role=1): {"msg_type": "keep_alive_ack21"}
I (121634) GW_MSG_HANDLER: non known json data rxed.
I (121634) GW_MSG_HANDLER: Msg_handler Finish parse for msg_type = keep_alive_ack21
I (121644) GW_TCP_SERVER: tcp-02-04-msg dispatched continuing parse loop
W (121654) GW_TCP_DEBUG::: tcp-15-01-update last seen finish and lock
W (121654) GW_TCP_DEBUG::: tcp-35-01-time is 121654..
W (121664) GW_TCP_DEBUG::: tcp-15-02-update last seen finish and unlock
I (121664) GW_TCP_DEBUG::: tcp-before-lock sock =37
I (121674) GW_TCP_DEBUG::: tcp-after-lock sock =37
I (121674) GW_TCP_DEBUG::: tcp-loop start: sock: 37,  start_idx = 33,  rx_len = 33
I (121684) GW_TCP_SERVER: tcp-01-no new line in sock : 37, remain = 0
I (121694) GW_TCP_SERVER: tcp-03-01-compacting buffer : 0
I (126554) GW_TCP_SERVER: TCP__10__tcp rx all raw data:  :: len = 33,  raw = {"msg_type": "keep_alive_ack22"}

7B 22 6D 73 67 5F 74 79 70 65 22 3A 20 22 6B 65 65 70 5F 61 6C 69 76 65 5F 61 63 6B 32 32 22 7D 0A 
I (126564) GW_TCP_DEBUG::: tcp-loop start: sock: 37,  start_idx = 0,  rx_len = 33
I (126564) GW_TCP_DEBUG::: tco-loop-new-line-found: line_end_idx= 32
I (126574) GW_TCP_SERVER: tcp-01-03json: sock =37 , msg_len = 32, json = {"msg_type": "keep_alive_ack22"} 
I (126584) GW_TCP_SERVER: tcp-01-04-Rx JSON from sock 37 :: {"msg_type": "keep_alive_ack22"}
I (126594) GW_TCP_SERVER: tcp-02-03-dispatching to msg_handler : sock = 37.  role = 1,  json= {"msg_type": "keep_alive_ack22"}
I (126604) GW_MSG_HANDLER: Processing message from sock 37 (role=1): {"msg_type": "keep_alive_ack22"}
I (126614) GW_MSG_HANDLER: non known json data rxed.
I (126614) GW_MSG_HANDLER: Msg_handler Finish parse for msg_type = keep_alive_ack22
I (126624) GW_TCP_SERVER: tcp-02-04-msg dispatched continuing parse loop
W (126624) GW_TCP_DEBUG::: tcp-15-01-update last seen finish and lock
W (126634) GW_TCP_DEBUG::: tcp-35-01-time is 126634..
W (126644) GW_TCP_DEBUG::: tcp-15-02-update last seen finish and unlock
I (126644) GW_TCP_DEBUG::: tcp-before-lock sock =37
I (126654) GW_TCP_DEBUG::: tcp-after-lock sock =37
I (126654) GW_TCP_DEBUG::: tcp-loop start: sock: 37,  start_idx = 33,  rx_len = 33
I (126664) GW_TCP_SERVER: tcp-01-no new line in sock : 37, remain = 0
I (126664) GW_TCP_SERVER: tcp-03-01-compacting buffer : 0
W (126954) GW_TCP_SERVER: Client disconnected
I (126954) GW_TCP_SERVER: Closing client socket 37
W (126954) GW_TCP_SERVER: OTA Server disconnected
E (126964) GW_TCP_SERVER: Unable to accept connection: errno 128
E (126964) GW_TCP_SERVER: Unable to accept connection: errno 128
I (126974) GW_TCP_SERVER: Client connected, sock=37, ip=192.168.4.2, port=50981
I (126974) GW_TCP_SERVER: OTA Server socket set: 37
I (126984) GW_TCP_SERVER: TCP__10__tcp rx all raw data:  :: len = 300,  raw = {"msg_type": "hello", "role": "ota_server"}
{"msg_type": "ota_task", "task_id": "20251212_124216_758", "device_name": "Veh1_SCM1", "client_id": "758", "version": "v2.1.4", "firmware_url": "https://192.168.4.2:8080/firmware/ota_client_v2.1.4.bin", "timestamp": "20251212_124216", "status": "pending"}

7B 22 6D 73 67 5F 74 79 70 65 22 3A 20 22 68 65 6C 6C 6F 22 2C 20 22 72 6F 6C 65 22 3A 20 22 6F 74 61 5F 73 65 72 76 65 72 22 7D 0A 7B 22 6D 73 67 5F 74 79 70 65 22 3A 20 22 6F 74 61 5F 74 61 73 6B 22 2C 20 22 74 61 73 6B 5F 69 64 22 3A 20 22 32 30 32 35 31 32 31 32 5F 31 32 34 32 31 36 5F 37 35 38 22 2C 20 22 64 65 76 69 63 65 5F 6E 61 6D 65 22 3A 20 22 56 65 68 31 5F 53 43 4D 31 22 2C 20 22 63 6C 69 65 6E 74 5F 69 64 22 3A 20 22 37 35 38 22 2C 20 22 76 65 72 73 69 6F 6E 22 3A 20 22 76 32 2E 31 2E 34 22 2C 20 22 66 69 72 6D 77 61 72 65 5F 75 72 6C 22 3A 20 22 68 74 74 70 73 3A 2F 2F 31 39 32 2E 31 36 38 2E 34 2E 32 3A 38 30 38 30 2F 66 69 72 6D 77 61 72 65 2F 6F 74 61 5F 63 6C 69 65 6E 74 5F 76 32 2E 31 2E 34 2E 62 69 6E 22 2C 20 22 74 69 6D 65 73 74 61 6D 70 22 3A 20 22 32 30 32 35 31 32 31 32 5F 31 32 34 32 31 36 22 2C 20 22 73 74 61 74 75 73 22 3A 20 22 70 65 6E 64 69 6E 67 22 7D 0A 
I (127094) GW_TCP_DEBUG::: tcp-loop start: sock: 37,  start_idx = 0,  rx_len = 300
I (127104) GW_TCP_DEBUG::: tco-loop-new-line-found: line_end_idx= 43
I (127104) GW_TCP_SERVER: tcp-01-03json: sock =37 , msg_len = 43, json = {"msg_type": "hello", "role": "ota_server"} 
I (127114) GW_TCP_SERVER: tcp-01-04-Rx JSON from sock 37 :: {"msg_type": "hello", "role": "ota_server"}
I (127124) GW_TCP_SERVER: tcp-02-03-dispatching to msg_handler : sock = 37.  role = 1,  json= {"msg_type": "hello", "role": "ota_server"}
I (127134) GW_MSG_HANDLER: Processing message from sock 37 (role=1): {"msg_type": "hello", "role": "ota_server"}
I (127144) GW_MSG_HANDLER: OTA server hello received on sock 37
I (127154) GW_MSG_HANDLER: Msg_handler Finish parse for msg_type = hello
I (127164) GW_TCP_SERVER: tcp-02-04-msg dispatched continuing parse loop
W (127164) GW_TCP_DEBUG::: tcp-15-01-update last seen finish and lock
W (127174) GW_TCP_DEBUG::: tcp-35-01-time is 127174..
W (127174) GW_TCP_DEBUG::: tcp-15-02-update last seen finish and unlock
I (127184) GW_TCP_DEBUG::: tcp-before-lock sock =37
I (127184) GW_TCP_DEBUG::: tcp-after-lock sock =37
I (127194) GW_TCP_DEBUG::: tcp-loop start: sock: 37,  start_idx = 44,  rx_len = 300
I (127204) GW_TCP_DEBUG::: tco-loop-new-line-found: line_end_idx= 299
I (127204) GW_TCP_SERVER: tcp-01-03json: sock =37 , msg_len = 255, json = {"msg_type": "ota_task", "task_id": "20251212_124216_758", "device_name": "Veh1_SCM1", "client_id": "758", "version": "v2.1.4", "firmware_url": "https://192.168.4.2:8080/firmware/ota_client_v2.1.4.bin", "timestamp": "20251212_124216", "status": "pending"} 
I (127234) GW_TCP_SERVER: tcp-01-04-Rx JSON from sock 37 :: {"msg_type": "ota_task", "task_id": "20251212_124216_758", "device_name": "Veh1_SCM1", "client_id": "758", "version": "v2.1.4", "firmware_url": "https://192.168.4.2:8080/firmware/ota_client_v2.1.4.bin", "timestamp": "20251212_124216", "status": "pending"}
I (127264) GW_TCP_SERVER: tcp-02-03-dispatching to msg_handler : sock = 37.  role = 1,  json= {"msg_type": "ota_task", "task_id": "20251212_124216_758", "device_name": "Veh1_SCM1", "client_id": "758", "version": "v2.1.4", "firmware_url": "https://192.168.4.2:8080/firmware/ota_client_v2.1.4.bin", "timestamp": "20251212_124216", "status": "pending"}
I (127294) GW_MSG_HANDLER: Processing message from sock 37 (role=1): {"msg_type": "ota_task", "task_id": "20251212_124216_758", "device_name": "Veh1_SCM1", "client_id": "758", "version": "v2.1.4", "firmware_url": "https://192.168.4.2:8080/firmware/ota_client_v2.1.4.bin", "timestamp": "20251212_124216", "status": "pending"}
I (127324) GW_MSG_HANDLER: GW Rx ota task, schedule delay dispatch to otaapp 
I (127324) OTA_APP_MGMT: New Task [20251212_124216_758] created in Queue, wait for User response 
I (127334) GW_MSG_HANDLER: Msg_handler Finish parse for msg_type = ota_task
I (127344) GW_TCP_SERVER: tcp-02-04-msg dispatched continuing parse loop
W (127354) GW_TCP_DEBUG::: tcp-15-01-update last seen finish and lock
W (127354) GW_TCP_DEBUG::: tcp-35-01-time is 127354..
W (127364) GW_TCP_DEBUG::: tcp-15-02-update last seen finish and unlock
I (127364) GW_TCP_DEBUG::: tcp-before-lock sock =37
I (127374) GW_TCP_DEBUG::: tcp-after-lock sock =37
I (127374) GW_TCP_DEBUG::: tcp-loop start: sock: 37,  start_idx = 300,  rx_len = 300
I (127384) GW_TCP_SERVER: tcp-01-no new line in sock : 37, remain = 0
I (127394) GW_TCP_SERVER: tcp-03-01-compacting buffer : 0
W (127394) GW_TCP_SERVER: Client disconnected
I (127404) GW_TCP_SERVER: Closing client socket 37
W (127404) GW_TCP_SERVER: OTA Server disconnected
I (127404) GW_TCP_SERVER: Client connected, sock=37, ip=192.168.4.2, port=51262
I (127414) GW_TCP_SERVER: OTA Server socket set: 37
W (127424) GW_TCP_SERVER: Client disconnected
I (127424) GW_TCP_SERVER: Closing client socket 37
W (127434) GW_TCP_SERVER: OTA Server disconnected
I (128084) GW_TCP_SERVER: Client connected, sock=37, ip=192.168.4.2, port=51519
I (128094) GW_TCP_SERVER: OTA Server socket set: 37
I (131604) GW_TCP_SERVER: TCP__10__tcp rx all raw data:  :: len = 32,  raw = {"msg_type": "keep_alive_ack0"}

7B 22 6D 73 67 5F 74 79 70 65 22 3A 20 22 6B 65 65 70 5F 61 6C 69 76 65 5F 61 63 6B 30 22 7D 0A 
I (131614) GW_TCP_DEBUG::: tcp-loop start: sock: 37,  start_idx = 0,  rx_len = 32
I (131624) GW_TCP_DEBUG::: tco-loop-new-line-found: line_end_idx= 31
I (131624) GW_TCP_SERVER: tcp-01-03json: sock =37 , msg_len = 31, json = {"msg_type": "keep_alive_ack0"} 
I (131634) GW_TCP_SERVER: tcp-01-04-Rx JSON from sock 37 :: {"msg_type": "keep_alive_ack0"}
I (131644) GW_TCP_SERVER: tcp-02-03-dispatching to msg_handler : sock = 37.  role = 1,  json= {"msg_type": "keep_alive_ack0"}
I (131654) GW_MSG_HANDLER: Processing message from sock 37 (role=1): {"msg_type": "keep_alive_ack0"}
I (131664) GW_MSG_HANDLER: non known json data rxed.
I (131674) GW_MSG_HANDLER: Msg_handler Finish parse for msg_type = keep_alive_ack0
I (131674) GW_TCP_SERVER: tcp-02-04-msg dispatched continuing parse loop
W (131684) GW_TCP_DEBUG::: tcp-15-01-update last seen finish and lock
W (131694) GW_TCP_DEBUG::: tcp-35-01-time is 131694..
W (131694) GW_TCP_DEBUG::: tcp-15-02-update last seen finish and unlock
I (131704) GW_TCP_DEBUG::: tcp-before-lock sock =37
I (131704) GW_TCP_DEBUG::: tcp-after-lock sock =37
I (131714) GW_TCP_DEBUG::: tcp-loop start: sock: 37,  start_idx = 32,  rx_len = 32
I (131714) GW_TCP_SERVER: tcp-01-no new line in sock : 37, remain = 0
I (131724) GW_TCP_SERVER: tcp-03-01-compacting buffer : 0
I (136554) GW_TCP_SERVER: TCP__10__tcp rx all raw data:  :: len = 32,  raw = {"msg_type": "keep_alive_ack1"}

7B 22 6D 73 67 5F 74 79 70 65 22 3A 20 22 6B 65 65 70 5F 61 6C 69 76 65 5F 61 63 6B 31 22 7D 0A 
I (136564) GW_TCP_DEBUG::: tcp-loop start: sock: 37,  start_idx = 0,  rx_len = 32
I (136564) GW_TCP_DEBUG::: tco-loop-new-line-found: line_end_idx= 31
I (136574) GW_TCP_SERVER: tcp-01-03json: sock =37 , msg_len = 31, json = {"msg_type": "keep_alive_ack1"} 
I (136584) GW_TCP_SERVER: tcp-01-04-Rx JSON from sock 37 :: {"msg_type": "keep_alive_ack1"}
I (136594) GW_TCP_SERVER: tcp-02-03-dispatching to msg_handler : sock = 37.  role = 1,  json= {"msg_type": "keep_alive_ack1"}
I (136604) GW_MSG_HANDLER: Processing message from sock 37 (role=1): {"msg_type": "keep_alive_ack1"}
I (136614) GW_MSG_HANDLER: non known json data rxed.
I (136614) GW_MSG_HANDLER: Msg_handler Finish parse for msg_type = keep_alive_ack1
I (136624) GW_TCP_SERVER: tcp-02-04-msg dispatched continuing parse loop
W (136624) GW_TCP_DEBUG::: tcp-15-01-update last seen finish and lock
W (136634) GW_TCP_DEBUG::: tcp-35-01-time is 136634..
W (136644) GW_TCP_DEBUG::: tcp-15-02-update last seen finish and unlock
I (136644) GW_TCP_DEBUG::: tcp-before-lock sock =37
I (136654) GW_TCP_DEBUG::: tcp-after-lock sock =37
I (136654) GW_TCP_DEBUG::: tcp-loop start: sock: 37,  start_idx = 32,  rx_len = 32
I (136664) GW_TCP_SERVER: tcp-01-no new line in sock : 37, remain = 0
I (136664) GW_TCP_SERVER: tcp-03-01-compacting buffer : 0
I (141554) GW_TCP_SERVER: TCP__10__tcp rx all raw data:  :: len = 32,  raw = {"msg_type": "keep_alive_ack2"}

7B 22 6D 73 67 5F 74 79 70 65 22 3A 20 22 6B 65 65 70 5F 61 6C 69 76 65 5F 61 63 6B 32 22 7D 0A 
I (141564) GW_TCP_DEBUG::: tcp-loop start: sock: 37,  start_idx = 0,  rx_len = 32
I (141564) GW_TCP_DEBUG::: tco-loop-new-line-found: line_end_idx= 31
I (141574) GW_TCP_SERVER: tcp-01-03json: sock =37 , msg_len = 31, json = {"msg_type": "keep_alive_ack2"} 
I (141584) GW_TCP_SERVER: tcp-01-04-Rx JSON from sock 37 :: {"msg_type": "keep_alive_ack2"}
I (141594) GW_TCP_SERVER: tcp-02-03-dispatching to msg_handler : sock = 37.  role = 1,  json= {"msg_type": "keep_alive_ack2"}
I (141604) GW_MSG_HANDLER: Processing message from sock 37 (role=1): {"msg_type": "keep_alive_ack2"}
I (141614) GW_MSG_HANDLER: non known json data rxed.
I (141614) GW_MSG_HANDLER: Msg_handler Finish parse for msg_type = keep_alive_ack2
I (141624) GW_TCP_SERVER: tcp-02-04-msg dispatched continuing parse loop
W (141634) GW_TCP_DEBUG::: tcp-15-01-update last seen finish and lock
W (141634) GW_TCP_DEBUG::: tcp-35-01-time is 141634..
W (141644) GW_TCP_DEBUG::: tcp-15-02-update last seen finish and unlock
I (141644) GW_TCP_DEBUG::: tcp-before-lock sock =37
I (141654) GW_TCP_DEBUG::: tcp-after-lock sock =37
I (141654) GW_TCP_DEBUG::: tcp-loop start: sock: 37,  start_idx = 32,  rx_len = 32
I (141664) GW_TCP_SERVER: tcp-01-no new line in sock : 37, remain = 0
I (141674) GW_TCP_SERVER: tcp-03-01-compacting buffer : 0
I (146554) GW_TCP_SERVER: TCP__10__tcp rx all raw data:  :: len = 32,  raw = {"msg_type": "keep_alive_ack3"}

7B 22 6D 73 67 5F 74 79 70 65 22 3A 20 22 6B 65 65 70 5F 61 6C 69 76 65 5F 61 63 6B 33 22 7D 0A 
I (146564) GW_TCP_DEBUG::: tcp-loop start: sock: 37,  start_idx = 0,  rx_len = 32
I (146564) GW_TCP_DEBUG::: tco-loop-new-line-found: line_end_idx= 31
I (146574) GW_TCP_SERVER: tcp-01-03json: sock =37 , msg_len = 31, json = {"msg_type": "keep_alive_ack3"} 
I (146584) GW_TCP_SERVER: tcp-01-04-Rx JSON from sock 37 :: {"msg_type": "keep_alive_ack3"}
I (146594) GW_TCP_SERVER: tcp-02-03-dispatching to msg_handler : sock = 37.  role = 1,  json= {"msg_type": "keep_alive_ack3"}
I (146604) GW_MSG_HANDLER: Processing message from sock 37 (role=1): {"msg_type": "keep_alive_ack3"}
I (146614) GW_MSG_HANDLER: non known json data rxed.
I (146614) GW_MSG_HANDLER: Msg_handler Finish parse for msg_type = keep_alive_ack3
I (146624) GW_TCP_SERVER: tcp-02-04-msg dispatched continuing parse loop
W (146624) GW_TCP_DEBUG::: tcp-15-01-update last seen finish and lock
W (146634) GW_TCP_DEBUG::: tcp-35-01-time is 146634..
W (146634) GW_TCP_DEBUG::: tcp-15-02-update last seen finish and unlock
I (146644) GW_TCP_DEBUG::: tcp-before-lock sock =37
I (146654) GW_TCP_DEBUG::: tcp-after-lock sock =37
I (146654) GW_TCP_DEBUG::: tcp-loop start: sock: 37,  start_idx = 32,  rx_len = 32
I (146664) GW_TCP_SERVER: tcp-01-no new line in sock : 37, remain = 0
I (146664) GW_TCP_SERVER: tcp-03-01-compacting buffer : 0
I (151554) GW_TCP_SERVER: TCP__10__tcp rx all raw data:  :: len = 32,  raw = {"msg_type": "keep_alive_ack4"}

7B 22 6D 73 67 5F 74 79 70 65 22 3A 20 22 6B 65 65 70 5F 61 6C 69 76 65 5F 61 63 6B 34 22 7D 0A 
I (151564) GW_TCP_DEBUG::: tcp-loop start: sock: 37,  start_idx = 0,  rx_len = 32
I (151564) GW_TCP_DEBUG::: tco-loop-new-line-found: line_end_idx= 31
I (151574) GW_TCP_SERVER: tcp-01-03json: sock =37 , msg_len = 31, json = {"msg_type": "keep_alive_ack4"} 
I (151584) GW_TCP_SERVER: tcp-01-04-Rx JSON from sock 37 :: {"msg_type": "keep_alive_ack4"}
I (151594) GW_TCP_SERVER: tcp-02-03-dispatching to msg_handler : sock = 37.  role = 1,  json= {"msg_type": "keep_alive_ack4"}
I (151604) GW_MSG_HANDLER: Processing message from sock 37 (role=1): {"msg_type": "keep_alive_ack4"}
I (151614) GW_MSG_HANDLER: non known json data rxed.
I (151614) GW_MSG_HANDLER: Msg_handler Finish parse for msg_type = keep_alive_ack4
I (151624) GW_TCP_SERVER: tcp-02-04-msg dispatched continuing parse loop
W (151624) GW_TCP_DEBUG::: tcp-15-01-update last seen finish and lock
W (151634) GW_TCP_DEBUG::: tcp-35-01-time is 151634..
W (151644) GW_TCP_DEBUG::: tcp-15-02-update last seen finish and unlock
I (151644) GW_TCP_DEBUG::: tcp-before-lock sock =37
I (151654) GW_TCP_DEBUG::: tcp-after-lock sock =37
I (151654) GW_TCP_DEBUG::: tcp-loop start: sock: 37,  start_idx = 32,  rx_len = 32
I (151664) GW_TCP_SERVER: tcp-01-no new line in sock : 37, remain = 0
I (151664) GW_TCP_SERVER: tcp-03-01-compacting buffer : 0
I (156564) GW_TCP_SERVER: TCP__10__tcp rx all raw data:  :: len = 32,  raw = {"msg_type": "keep_alive_ack5"}

7B 22 6D 73 67 5F 74 79 70 65 22 3A 20 22 6B 65 65 70 5F 61 6C 69 76 65 5F 61 63 6B 35 22 7D 0A 
I (156574) GW_TCP_DEBUG::: tcp-loop start: sock: 37,  start_idx = 0,  rx_len = 32
I (156574) GW_TCP_DEBUG::: tco-loop-new-line-found: line_end_idx= 31
I (156584) GW_TCP_SERVER: tcp-01-03json: sock =37 , msg_len = 31, json = {"msg_type": "keep_alive_ack5"} 
I (156594) GW_TCP_SERVER: tcp-01-04-Rx JSON from sock 37 :: {"msg_type": "keep_alive_ack5"}
I (156604) GW_TCP_SERVER: tcp-02-03-dispatching to msg_handler : sock = 37.  role = 1,  json= {"msg_type": "keep_alive_ack5"}
I (156614) GW_MSG_HANDLER: Processing message from sock 37 (role=1): {"msg_type": "keep_alive_ack5"}
I (156624) GW_MSG_HANDLER: non known json data rxed.
I (156624) GW_MSG_HANDLER: Msg_handler Finish parse for msg_type = keep_alive_ack5
I (156634) GW_TCP_SERVER: tcp-02-04-msg dispatched continuing parse loop
W (156644) GW_TCP_DEBUG::: tcp-15-01-update last seen finish and lock
W (156644) GW_TCP_DEBUG::: tcp-35-01-time is 156644..
W (156654) GW_TCP_DEBUG::: tcp-15-02-update last seen finish and unlock
I (156654) GW_TCP_DEBUG::: tcp-before-lock sock =37
I (156664) GW_TCP_DEBUG::: tcp-after-lock sock =37
I (156664) GW_TCP_DEBUG::: tcp-loop start: sock: 37,  start_idx = 32,  rx_len = 32
I (156674) GW_TCP_SERVER: tcp-01-no new line in sock : 37, remain = 0
I (156674) GW_TCP_SERVER: tcp-03-01-compacting buffer : 0
I (161554) GW_TCP_SERVER: TCP__10__tcp rx all raw data:  :: len = 32,  raw = {"msg_type": "keep_alive_ack6"}

7B 22 6D 73 67 5F 74 79 70 65 22 3A 20 22 6B 65 65 70 5F 61 6C 69 76 65 5F 61 63 6B 36 22 7D 0A 
I (161564) GW_TCP_DEBUG::: tcp-loop start: sock: 37,  start_idx = 0,  rx_len = 32
I (161564) GW_TCP_DEBUG::: tco-loop-new-line-found: line_end_idx= 31
I (161574) GW_TCP_SERVER: tcp-01-03json: sock =37 , msg_len = 31, json = {"msg_type": "keep_alive_ack6"} 
I (161584) GW_TCP_SERVER: tcp-01-04-Rx JSON from sock 37 :: {"msg_type": "keep_alive_ack6"}
I (161594) GW_TCP_SERVER: tcp-02-03-dispatching to msg_handler : sock = 37.  role = 1,  json= {"msg_type": "keep_alive_ack6"}
I (161604) GW_MSG_HANDLER: Processing message from sock 37 (role=1): {"msg_type": "keep_alive_ack6"}
I (161614) GW_MSG_HANDLER: non known json data rxed.
I (161614) GW_MSG_HANDLER: Msg_handler Finish parse for msg_type = keep_alive_ack6
I (161624) GW_TCP_SERVER: tcp-02-04-msg dispatched continuing parse loop
W (161624) GW_TCP_DEBUG::: tcp-15-01-update last seen finish and lock
W (161634) GW_TCP_DEBUG::: tcp-35-01-time is 161634..
W (161644) GW_TCP_DEBUG::: tcp-15-02-update last seen finish and unlock
I (161644) GW_TCP_DEBUG::: tcp-before-lock sock =37
I (161654) GW_TCP_DEBUG::: tcp-after-lock sock =37
I (161654) GW_TCP_DEBUG::: tcp-loop start: sock: 37,  start_idx = 32,  rx_len = 32
I (161664) GW_TCP_SERVER: tcp-01-no new line in sock : 37, remain = 0
I (161664) GW_TCP_SERVER: tcp-03-01-compacting buffer : 0
I (166554) GW_TCP_SERVER: TCP__10__tcp rx all raw data:  :: len = 32,  raw = {"msg_type": "keep_alive_ack7"}

7B 22 6D 73 67 5F 74 79 70 65 22 3A 20 22 6B 65 65 70 5F 61 6C 69 76 65 5F 61 63 6B 37 22 7D 0A 
I (166564) GW_TCP_DEBUG::: tcp-loop start: sock: 37,  start_idx = 0,  rx_len = 32
I (166564) GW_TCP_DEBUG::: tco-loop-new-line-found: line_end_idx= 31
I (166574) GW_TCP_SERVER: tcp-01-03json: sock =37 , msg_len = 31, json = {"msg_type": "keep_alive_ack7"} 
I (166584) GW_TCP_SERVER: tcp-01-04-Rx JSON from sock 37 :: {"msg_type": "keep_alive_ack7"}
I (166594) GW_TCP_SERVER: tcp-02-03-dispatching to msg_handler : sock = 37.  role = 1,  json= {"msg_type": "keep_alive_ack7"}
I (166604) GW_MSG_HANDLER: Processing message from sock 37 (role=1): {"msg_type": "keep_alive_ack7"}
I (166614) GW_MSG_HANDLER: non known json data rxed.
I (166614) GW_MSG_HANDLER: Msg_handler Finish parse for msg_type = keep_alive_ack7
I (166624) GW_TCP_SERVER: tcp-02-04-msg dispatched continuing parse loop
W (166624) GW_TCP_DEBUG::: tcp-15-01-update last seen finish and lock
W (166634) GW_TCP_DEBUG::: tcp-35-01-time is 166634..
W (166644) GW_TCP_DEBUG::: tcp-15-02-update last seen finish and unlock
I (166644) GW_TCP_DEBUG::: tcp-before-lock sock =37
I (166654) GW_TCP_DEBUG::: tcp-after-lock sock =37
I (166654) GW_TCP_DEBUG::: tcp-loop start: sock: 37,  start_idx = 32,  rx_len = 32
I (166664) GW_TCP_SERVER: tcp-01-no new line in sock : 37, remain = 0
I (166664) GW_TCP_SERVER: tcp-03-01-compacting buffer : 0
I (171554) GW_TCP_SERVER: TCP__10__tcp rx all raw data:  :: len = 32,  raw = {"msg_type": "keep_alive_ack8"}

7B 22 6D 73 67 5F 74 79 70 65 22 3A 20 22 6B 65 65 70 5F 61 6C 69 76 65 5F 61 63 6B 38 22 7D 0A 
I (171564) GW_TCP_DEBUG::: tcp-loop start: sock: 37,  start_idx = 0,  rx_len = 32
I (171564) GW_TCP_DEBUG::: tco-loop-new-line-found: line_end_idx= 31
I (171574) GW_TCP_SERVER: tcp-01-03json: sock =37 , msg_len = 31, json = {"msg_type": "keep_alive_ack8"} 
I (171584) GW_TCP_SERVER: tcp-01-04-Rx JSON from sock 37 :: {"msg_type": "keep_alive_ack8"}
I (171594) GW_TCP_SERVER: tcp-02-03-dispatching to msg_handler : sock = 37.  role = 1,  json= {"msg_type": "keep_alive_ack8"}
I (171604) GW_MSG_HANDLER: Processing message from sock 37 (role=1): {"msg_type": "keep_alive_ack8"}
I (171614) GW_MSG_HANDLER: non known json data rxed.
I (171614) GW_MSG_HANDLER: Msg_handler Finish parse for msg_type = keep_alive_ack8
I (171624) GW_TCP_SERVER: tcp-02-04-msg dispatched continuing parse loop
W (171624) GW_TCP_DEBUG::: tcp-15-01-update last seen finish and lock
W (171634) GW_TCP_DEBUG::: tcp-35-01-time is 171634..
W (171634) GW_TCP_DEBUG::: tcp-15-02-update last seen finish and unlock
I (171644) GW_TCP_DEBUG::: tcp-before-lock sock =37
I (171654) GW_TCP_DEBUG::: tcp-after-lock sock =37
I (171654) GW_TCP_DEBUG::: tcp-loop start: sock: 37,  start_idx = 32,  rx_len = 32
I (171664) GW_TCP_SERVER: tcp-01-no new line in sock : 37, remain = 0
I (171664) GW_TCP_SERVER: tcp-03-01-compacting buffer : 0
I (176574) GW_TCP_SERVER: TCP__10__tcp rx all raw data:  :: len = 32,  raw = {"msg_type": "keep_alive_ack9"}

7B 22 6D 73 67 5F 74 79 70 65 22 3A 20 22 6B 65 65 70 5F 61 6C 69 76 65 5F 61 63 6B 39 22 7D 0A 
I (176584) GW_TCP_DEBUG::: tcp-loop start: sock: 37,  start_idx = 0,  rx_len = 32
I (176584) GW_TCP_DEBUG::: tco-loop-new-line-found: line_end_idx= 31
I (176594) GW_TCP_SERVER: tcp-01-03json: sock =37 , msg_len = 31, json = {"msg_type": "keep_alive_ack9"} 
I (176604) GW_TCP_SERVER: tcp-01-04-Rx JSON from sock 37 :: {"msg_type": "keep_alive_ack9"}
I (176614) GW_TCP_SERVER: tcp-02-03-dispatching to msg_handler : sock = 37.  role = 1,  json= {"msg_type": "keep_alive_ack9"}
I (176624) GW_MSG_HANDLER: Processing message from sock 37 (role=1): {"msg_type": "keep_alive_ack9"}
I (176634) GW_MSG_HANDLER: non known json data rxed.
I (176634) GW_MSG_HANDLER: Msg_handler Finish parse for msg_type = keep_alive_ack9
I (176644) GW_TCP_SERVER: tcp-02-04-msg dispatched continuing parse loop
W (176654) GW_TCP_DEBUG::: tcp-15-01-update last seen finish and lock
W (176654) GW_TCP_DEBUG::: tcp-35-01-time is 176654..
W (176664) GW_TCP_DEBUG::: tcp-15-02-update last seen finish and unlock
I (176664) GW_TCP_DEBUG::: tcp-before-lock sock =37
I (176674) GW_TCP_DEBUG::: tcp-after-lock sock =37
I (176674) GW_TCP_DEBUG::: tcp-loop start: sock: 37,  start_idx = 32,  rx_len = 32
I (176684) GW_TCP_SERVER: tcp-01-no new line in sock : 37, remain = 0
I (176694) GW_TCP_SERVER: tcp-03-01-compacting buffer : 0
I (181554) GW_TCP_SERVER: TCP__10__tcp rx all raw data:  :: len = 33,  raw = {"msg_type": "keep_alive_ack10"}

7B 22 6D 73 67 5F 74 79 70 65 22 3A 20 22 6B 65 65 70 5F 61 6C 69 76 65 5F 61 63 6B 31 30 22 7D 0A 
I (181564) GW_TCP_DEBUG::: tcp-loop start: sock: 37,  start_idx = 0,  rx_len = 33
I (181564) GW_TCP_DEBUG::: tco-loop-new-line-found: line_end_idx= 32
I (181574) GW_TCP_SERVER: tcp-01-03json: sock =37 , msg_len = 32, json = {"msg_type": "keep_alive_ack10"} 
I (181584) GW_TCP_SERVER: tcp-01-04-Rx JSON from sock 37 :: {"msg_type": "keep_alive_ack10"}
I (181594) GW_TCP_SERVER: tcp-02-03-dispatching to msg_handler : sock = 37.  role = 1,  json= {"msg_type": "keep_alive_ack10"}
I (181604) GW_MSG_HANDLER: Processing message from sock 37 (role=1): {"msg_type": "keep_alive_ack10"}
I (181614) GW_MSG_HANDLER: non known json data rxed.
I (181614) GW_MSG_HANDLER: Msg_handler Finish parse for msg_type = keep_alive_ack10
I (181624) GW_TCP_SERVER: tcp-02-04-msg dispatched continuing parse loop
W (181634) GW_TCP_DEBUG::: tcp-15-01-update last seen finish and lock
W (181634) GW_TCP_DEBUG::: tcp-35-01-time is 181634..
W (181644) GW_TCP_DEBUG::: tcp-15-02-update last seen finish and unlock
I (181644) GW_TCP_DEBUG::: tcp-before-lock sock =37
I (181654) GW_TCP_DEBUG::: tcp-after-lock sock =37
I (181654) GW_TCP_DEBUG::: tcp-loop start: sock: 37,  start_idx = 33,  rx_len = 33
I (181664) GW_TCP_SERVER: tcp-01-no new line in sock : 37, remain = 0
I (181674) GW_TCP_SERVER: tcp-03-01-compacting buffer : 0
I (186564) GW_TCP_SERVER: TCP__10__tcp rx all raw data:  :: len = 33,  raw = {"msg_type": "keep_alive_ack11"}

7B 22 6D 73 67 5F 74 79 70 65 22 3A 20 22 6B 65 65 70 5F 61 6C 69 76 65 5F 61 63 6B 31 31 22 7D 0A 
I (186574) GW_TCP_DEBUG::: tcp-loop start: sock: 37,  start_idx = 0,  rx_len = 33
I (186584) GW_TCP_DEBUG::: tco-loop-new-line-found: line_end_idx= 32
I (186584) GW_TCP_SERVER: tcp-01-03json: sock =37 , msg_len = 32, json = {"msg_type": "keep_alive_ack11"} 
I (186594) GW_TCP_SERVER: tcp-01-04-Rx JSON from sock 37 :: {"msg_type": "keep_alive_ack11"}
I (186604) GW_TCP_SERVER: tcp-02-03-dispatching to msg_handler : sock = 37.  role = 1,  json= {"msg_type": "keep_alive_ack11"}
I (186614) GW_MSG_HANDLER: Processing message from sock 37 (role=1): {"msg_type": "keep_alive_ack11"}
I (186624) GW_MSG_HANDLER: non known json data rxed.
I (186624) GW_MSG_HANDLER: Msg_handler Finish parse for msg_type = keep_alive_ack11
I (186634) GW_TCP_SERVER: tcp-02-04-msg dispatched continuing parse loop
W (186644) GW_TCP_DEBUG::: tcp-15-01-update last seen finish and lock
W (186644) GW_TCP_DEBUG::: tcp-35-01-time is 186644..
W (186654) GW_TCP_DEBUG::: tcp-15-02-update last seen finish and unlock
I (186664) GW_TCP_DEBUG::: tcp-before-lock sock =37
I (186664) GW_TCP_DEBUG::: tcp-after-lock sock =37
I (186664) GW_TCP_DEBUG::: tcp-loop start: sock: 37,  start_idx = 33,  rx_len = 33
I (186674) GW_TCP_SERVER: tcp-01-no new line in sock : 37, remain = 0
I (186684) GW_TCP_SERVER: tcp-03-01-compacting buffer : 0
I (191554) GW_TCP_SERVER: TCP__10__tcp rx all raw data:  :: len = 33,  raw = {"msg_type": "keep_alive_ack12"}

7B 22 6D 73 67 5F 74 79 70 65 22 3A 20 22 6B 65 65 70 5F 61 6C 69 76 65 5F 61 63 6B 31 32 22 7D 0A 
I (191564) GW_TCP_DEBUG::: tcp-loop start: sock: 37,  start_idx = 0,  rx_len = 33
I (191574) GW_TCP_DEBUG::: tco-loop-new-line-found: line_end_idx= 32
I (191574) GW_TCP_SERVER: tcp-01-03json: sock =37 , msg_len = 32, json = {"msg_type": "keep_alive_ack12"} 
I (191584) GW_TCP_SERVER: tcp-01-04-Rx JSON from sock 37 :: {"msg_type": "keep_alive_ack12"}
I (191594) GW_TCP_SERVER: tcp-02-03-dispatching to msg_handler : sock = 37.  role = 1,  json= {"msg_type": "keep_alive_ack12"}
I (191604) GW_MSG_HANDLER: Processing message from sock 37 (role=1): {"msg_type": "keep_alive_ack12"}
I (191614) GW_MSG_HANDLER: non known json data rxed.
I (191614) GW_MSG_HANDLER: Msg_handler Finish parse for msg_type = keep_alive_ack12
I (191624) GW_TCP_SERVER: tcp-02-04-msg dispatched continuing parse loop
W (191634) GW_TCP_DEBUG::: tcp-15-01-update last seen finish and lock
W (191634) GW_TCP_DEBUG::: tcp-35-01-time is 191634..
W (191644) GW_TCP_DEBUG::: tcp-15-02-update last seen finish and unlock
I (191654) GW_TCP_DEBUG::: tcp-before-lock sock =37
I (191654) GW_TCP_DEBUG::: tcp-after-lock sock =37
I (191654) GW_TCP_DEBUG::: tcp-loop start: sock: 37,  start_idx = 33,  rx_len = 33
I (191664) GW_TCP_SERVER: tcp-01-no new line in sock : 37, remain = 0
I (191674) GW_TCP_SERVER: tcp-03-01-compacting buffer : 0
W (193264) GW_TCP_SERVER: Client disconnected
I (193264) GW_TCP_SERVER: Closing client socket 37
W (193264) GW_TCP_SERVER: OTA Server disconnected
I (193264) GW_TCP_SERVER: Client connected, sock=37, ip=192.168.4.2, port=51520
I (193274) GW_TCP_SERVER: OTA Server socket set: 37
I (193274) GW_TCP_SERVER: TCP__10__tcp rx all raw data:  :: len = 512,  raw = {"msg_type": "ota_task", "task_id": "20251212_124320_758", "device_name": "Veh1_SCM1", "client_id": "758", "version": "v2.1.4", "firmware_url": "https://192.168.4.2:8080/firmware/ota_client_v2.1.4.bin", "timestamp": "20251212_124320", "status": "pending"}
{"msg_type": "ota_task", "task_id": "20251212_124324_758", "device_name": "Veh1_SCM1", "client_id": "758", "version": "v2.1.4", "firmware_url": "https://192.168.4.2:8080/firmware/ota_client_v2.1.4.bin", "timestamp": "20251212_124324", "status": "pending"}

7B 22 6D 73 67 5F 74 79 70 65 22 3A 20 22 6F 74 61 5F 74 61 73 6B 22 2C 20 22 74 61 73 6B 5F 69 64 22 3A 20 22 32 30 32 35 31 32 31 32 5F 31 32 34 33 32 30 5F 37 35 38 22 2C 20 22 64 65 76 69 63 65 5F 6E 61 6D 65 22 3A 20 22 56 65 68 31 5F 53 43 4D 31 22 2C 20 22 63 6C 69 65 6E 74 5F 69 64 22 3A 20 22 37 35 38 22 2C 20 22 76 65 72 73 69 6F 6E 22 3A 20 22 76 32 2E 31 2E 34 22 2C 20 22 66 69 72 6D 77 61 72 65 5F 75 72 6C 22 3A 20 22 68 74 74 70 73 3A 2F 2F 31 39 32 2E 31 36 38 2E 34 2E 32 3A 38 30 38 30 2F 66 69 72 6D 77 61 72 65 2F 6F 74 61 5F 63 6C 69 65 6E 74 5F 76 32 2E 31 2E 34 2E 62 69 6E 22 2C 20 22 74 69 6D 65 73 74 61 6D 70 22 3A 20 22 32 30 32 35 31 32 31 32 5F 31 32 34 33 32 30 22 2C 20 22 73 74 61 74 75 73 22 3A 20 22 70 65 6E 64 69 6E 67 22 7D 0A 7B 22 6D 73 67 5F 74 79 70 65 22 3A 20 22 6F 74 61 5F 74 61 73 6B 22 2C 20 22 74 61 73 6B 5F 69 64 22 3A 20 22 32 30 32 35 31 32 31 32 5F 31 32 34 33 32 34 5F 37 35 38 22 2C 20 22 64 65 76 69 63 65 5F 6E 61 6D 65 22 3A 20 22 56 65 68 31 5F 53 43 4D 31 22 2C 20 22 63 6C 69 65 6E 74 5F 69 64 22 3A 20 22 37 35 38 22 2C 20 22 76 65 72 73 69 6F 6E 22 3A 20 22 76 32 2E 31 2E 34 22 2C 20 22 66 69 72 6D 77 61 72 65 5F 75 72 6C 22 3A 20 22 68 74 74 70 73 3A 2F 2F 31 39 32 2E 31 36 38 2E 34 2E 32 3A 38 30 38 30 2F 66 69 72 6D 77 61 72 65 2F 6F 74 61 5F 63 6C 69 65 6E 74 5F 76 32 2E 31 2E 34 2E 62 69 6E 22 2C 20 22 74 69 6D 65 73 74 61 6D 70 22 3A 20 22 32 30 32 35 31 32 31 32 5F 31 32 34 33 32 34 22 2C 20 22 73 74 61 74 75 73 22 3A 20 22 70 65 6E 64 69 6E 67 22 7D 0A 
I (193464) GW_TCP_DEBUG::: tcp-loop start: sock: 37,  start_idx = 0,  rx_len = 512
I (193474) GW_TCP_DEBUG::: tco-loop-new-line-found: line_end_idx= 255
I (193474) GW_TCP_SERVER: tcp-01-03json: sock =37 , msg_len = 255, json = {"msg_type": "ota_task", "task_id": "20251212_124320_758", "device_name": "Veh1_SCM1", "client_id": "758", "version": "v2.1.4", "firmware_url": "https://192.168.4.2:8080/firmware/ota_client_v2.1.4.bin", "timestamp": "20251212_124320", "status": "pending"} 
I (193504) GW_TCP_SERVER: tcp-01-04-Rx JSON from sock 37 :: {"msg_type": "ota_task", "task_id": "20251212_124320_758", "device_name": "Veh1_SCM1", "client_id": "758", "version": "v2.1.4", "firmware_url": "https://192.168.4.2:8080/firmware/ota_client_v2.1.4.bin", "timestamp": "20251212_124320", "status": "pending"}
I (193534) GW_TCP_SERVER: tcp-02-03-dispatching to msg_handler : sock = 37.  role = 1,  json= {"msg_type": "ota_task", "task_id": "20251212_124320_758", "device_name": "Veh1_SCM1", "client_id": "758", "version": "v2.1.4", "firmware_url": "https://192.168.4.2:8080/firmware/ota_client_v2.1.4.bin", "timestamp": "20251212_124320", "status": "pending"}
I (193564) GW_MSG_HANDLER: Processing message from sock 37 (role=1): {"msg_type": "ota_task", "task_id": "20251212_124320_758", "device_name": "Veh1_SCM1", "client_id": "758", "version": "v2.1.4", "firmware_url": "https://192.168.4.2:8080/firmware/ota_client_v2.1.4.bin", "timestamp": "20251212_124320", "status": "pending"}
I (193594) GW_MSG_HANDLER: GW Rx ota task, schedule delay dispatch to otaapp 
I (193594) OTA_APP_MGMT: New Task [20251212_124320_758] created in Queue, wait for User response 
I (193604) GW_MSG_HANDLER: Msg_handler Finish parse for msg_type = ota_task
I (193614) GW_TCP_SERVER: tcp-02-04-msg dispatched continuing parse loop
W (193624) GW_TCP_DEBUG::: tcp-15-01-update last seen finish and lock
W (193624) GW_TCP_DEBUG::: tcp-35-01-time is 193624..
W (193634) GW_TCP_DEBUG::: tcp-15-02-update last seen finish and unlock
I (193634) GW_TCP_DEBUG::: tcp-before-lock sock =37
I (193644) GW_TCP_DEBUG::: tcp-after-lock sock =37
I (193644) GW_TCP_DEBUG::: tcp-loop start: sock: 37,  start_idx = 256,  rx_len = 512
I (193654) GW_TCP_DEBUG::: tco-loop-new-line-found: line_end_idx= 511
I (193664) GW_TCP_SERVER: tcp-01-03json: sock =37 , msg_len = 255, json = {"msg_type": "ota_task", "task_id": "20251212_124324_758", "device_name": "Veh1_SCM1", "client_id": "758", "version": "v2.1.4", "firmware_url": "https://192.168.4.2:8080/firmware/ota_client_v2.1.4.bin", "timestamp": "20251212_124324", "status": "pending"} 
I (193694) GW_TCP_SERVER: tcp-01-04-Rx JSON from sock 37 :: {"msg_type": "ota_task", "task_id": "20251212_124324_758", "device_name": "Veh1_SCM1", "client_id": "758", "version": "v2.1.4", "firmware_url": "https://192.168.4.2:8080/firmware/ota_client_v2.1.4.bin", "timestamp": "20251212_124324", "status": "pending"}
I (193714) GW_TCP_SERVER: tcp-02-03-dispatching to msg_handler : sock = 37.  role = 1,  json= {"msg_type": "ota_task", "task_id": "20251212_124324_758", "device_name": "Veh1_SCM1", "client_id": "758", "version": "v2.1.4", "firmware_url": "https://192.168.4.2:8080/firmware/ota_client_v2.1.4.bin", "timestamp": "20251212_124324", "status": "pending"}
I (193744) GW_MSG_HANDLER: Processing message from sock 37 (role=1): {"msg_type": "ota_task", "task_id": "20251212_124324_758", "device_name": "Veh1_SCM1", "client_id": "758", "version": "v2.1.4", "firmware_url": "https://192.168.4.2:8080/firmware/ota_client_v2.1.4.bin", "timestamp": "20251212_124324", "status": "pending"}
I (193774) GW_MSG_HANDLER: GW Rx ota task, schedule delay dispatch to otaapp 
I (193784) OTA_APP_MGMT: New Task [20251212_124324_758] created in Queue, wait for User response 
I (193794) GW_MSG_HANDLER: Msg_handler Finish parse for msg_type = ota_task
I (193794) GW_TCP_SERVER: tcp-02-04-msg dispatched continuing parse loop
W (193804) GW_TCP_DEBUG::: tcp-15-01-update last seen finish and lock
W (193814) GW_TCP_DEBUG::: tcp-35-01-time is 193814..
W (193814) GW_TCP_DEBUG::: tcp-15-02-update last seen finish and unlock
I (193824) GW_TCP_DEBUG::: tcp-before-lock sock =37
I (193824) GW_TCP_DEBUG::: tcp-after-lock sock =37
I (193834) GW_TCP_DEBUG::: tcp-loop start: sock: 37,  start_idx = 512,  rx_len = 512
I (193834) GW_TCP_SERVER: tcp-01-no new line in sock : 37, remain = 0
I (193844) GW_TCP_SERVER: tcp-03-01-compacting buffer : 0
W (193854) GW_TCP_SERVER: Client disconnected
I (193854) GW_TCP_SERVER: Closing client socket 37
W (193854) GW_TCP_SERVER: OTA Server disconnected
I (193864) GW_TCP_SERVER: Client connected, sock=37, ip=192.168.4.2, port=51755
I (193874) GW_TCP_SERVER: OTA Server socket set: 37
I (193874) GW_TCP_SERVER: TCP__10__tcp rx all raw data:  :: len = 44,  raw = {"msg_type": "hello", "role": "ota_server"}

7B 22 6D 73 67 5F 74 79 70 65 22 3A 20 22 68 65 6C 6C 6F 22 2C 20 22 72 6F 6C 65 22 3A 20 22 6F 74 61 5F 73 65 72 76 65 72 22 7D 0A 
I (193894) GW_TCP_DEBUG::: tcp-loop start: sock: 37,  start_idx = 0,  rx_len = 44
I (193904) GW_TCP_DEBUG::: tco-loop-new-line-found: line_end_idx= 43
I (193914) GW_TCP_SERVER: tcp-01-03json: sock =37 , msg_len = 43, json = {"msg_type": "hello", "role": "ota_server"} 
I (193924) GW_TCP_SERVER: tcp-01-04-Rx JSON from sock 37 :: {"msg_type": "hello", "role": "ota_server"}
I (193934) GW_TCP_SERVER: tcp-02-03-dispatching to msg_handler : sock = 37.  role = 1,  json= {"msg_type": "hello", "role": "ota_server"}
I (193944) GW_MSG_HANDLER: Processing message from sock 37 (role=1): {"msg_type": "hello", "role": "ota_server"}
I (193954) GW_MSG_HANDLER: OTA server hello received on sock 37
I (193954) GW_MSG_HANDLER: Msg_handler Finish parse for msg_type = hello
I (193964) GW_TCP_SERVER: tcp-02-04-msg dispatched continuing parse loop
W (193974) GW_TCP_DEBUG::: tcp-15-01-update last seen finish and lock
W (193974) GW_TCP_DEBUG::: tcp-35-01-time is 193974..
W (193984) GW_TCP_DEBUG::: tcp-15-02-update last seen finish and unlock
I (193984) GW_TCP_DEBUG::: tcp-before-lock sock =37
I (193994) GW_TCP_DEBUG::: tcp-after-lock sock =37
I (193994) GW_TCP_DEBUG::: tcp-loop start: sock: 37,  start_idx = 44,  rx_len = 44
I (194004) GW_TCP_SERVER: tcp-01-no new line in sock : 37, remain = 0
I (194014) GW_TCP_SERVER: tcp-03-01-compacting buffer : 0
W (194014) GW_TCP_SERVER: Client disconnected
I (194014) GW_TCP_SERVER: Closing client socket 37
W (194024) GW_TCP_SERVER: OTA Server disconnected
I (194444) GW_TCP_SERVER: Client connected, sock=37, ip=192.168.4.2, port=51777
I (194454) GW_TCP_SERVER: OTA Server socket set: 37
I (194454) GW_TCP_SERVER: TCP__10__tcp rx all raw data:  :: len = 44,  raw = {"msg_type": "hello", "role": "ota_server"}

7B 22 6D 73 67 5F 74 79 70 65 22 3A 20 22 68 65 6C 6C 6F 22 2C 20 22 72 6F 6C 65 22 3A 20 22 6F 74 61 5F 73 65 72 76 65 72 22 7D 0A 
I (194474) GW_TCP_DEBUG::: tcp-loop start: sock: 37,  start_idx = 0,  rx_len = 44
I (194484) GW_TCP_DEBUG::: tco-loop-new-line-found: line_end_idx= 43
I (194484) GW_TCP_SERVER: tcp-01-03json: sock =37 , msg_len = 43, json = {"msg_type": "hello", "role": "ota_server"} 
I (194494) GW_TCP_SERVER: tcp-01-04-Rx JSON from sock 37 :: {"msg_type": "hello", "role": "ota_server"}
I (194504) GW_TCP_SERVER: tcp-02-03-dispatching to msg_handler : sock = 37.  role = 1,  json= {"msg_type": "hello", "role": "ota_server"}
I (194514) GW_MSG_HANDLER: Processing message from sock 37 (role=1): {"msg_type": "hello", "role": "ota_server"}
I (194524) GW_MSG_HANDLER: OTA server hello received on sock 37
I (194534) GW_MSG_HANDLER: Msg_handler Finish parse for msg_type = hello
I (194544) GW_TCP_SERVER: tcp-02-04-msg dispatched continuing parse loop
W (194544) GW_TCP_DEBUG::: tcp-15-01-update last seen finish and lock
W (194554) GW_TCP_DEBUG::: tcp-35-01-time is 194554..
W (194554) GW_TCP_DEBUG::: tcp-15-02-update last seen finish and unlock
I (194564) GW_TCP_DEBUG::: tcp-before-lock sock =37
I (194564) GW_TCP_DEBUG::: tcp-after-lock sock =37
I (194574) GW_TCP_DEBUG::: tcp-loop start: sock: 37,  start_idx = 44,  rx_len = 44
I (194584) GW_TCP_SERVER: tcp-01-no new line in sock : 37, remain = 0
I (194584) GW_TCP_SERVER: tcp-03-01-compacting buffer : 0
I (196554) GW_TCP_SERVER: TCP__10__tcp rx all raw data:  :: len = 32,  raw = {"msg_type": "keep_alive_ack0"}

7B 22 6D 73 67 5F 74 79 70 65 22 3A 20 22 6B 65 65 70 5F 61 6C 69 76 65 5F 61 63 6B 30 22 7D 0A 
I (196564) GW_TCP_DEBUG::: tcp-loop start: sock: 37,  start_idx = 0,  rx_len = 32
I (196564) GW_TCP_DEBUG::: tco-loop-new-line-found: line_end_idx= 31
I (196574) GW_TCP_SERVER: tcp-01-03json: sock =37 , msg_len = 31, json = {"msg_type": "keep_alive_ack0"} 
I (196584) GW_TCP_SERVER: tcp-01-04-Rx JSON from sock 37 :: {"msg_type": "keep_alive_ack0"}
I (196594) GW_TCP_SERVER: tcp-02-03-dispatching to msg_handler : sock = 37.  role = 1,  json= {"msg_type": "keep_alive_ack0"}
I (196604) GW_MSG_HANDLER: Processing message from sock 37 (role=1): {"msg_type": "keep_alive_ack0"}
I (196614) GW_MSG_HANDLER: non known json data rxed.
I (196614) GW_MSG_HANDLER: Msg_handler Finish parse for msg_type = keep_alive_ack0
I (196624) GW_TCP_SERVER: tcp-02-04-msg dispatched continuing parse loop
W (196624) GW_TCP_DEBUG::: tcp-15-01-update last seen finish and lock
W (196634) GW_TCP_DEBUG::: tcp-35-01-time is 196634..
W (196644) GW_TCP_DEBUG::: tcp-15-02-update last seen finish and unlock
I (196644) GW_TCP_DEBUG::: tcp-before-lock sock =37
I (196654) GW_TCP_DEBUG::: tcp-after-lock sock =37
I (196654) GW_TCP_DEBUG::: tcp-loop start: sock: 37,  start_idx = 32,  rx_len = 32
I (196664) GW_TCP_SERVER: tcp-01-no new line in sock : 37, remain = 0
I (196664) GW_TCP_SERVER: tcp-03-01-compacting buffer : 0
I (201554) GW_TCP_SERVER: TCP__10__tcp rx all raw data:  :: len = 32,  raw = {"msg_type": "keep_alive_ack1"}

7B 22 6D 73 67 5F 74 79 70 65 22 3A 20 22 6B 65 65 70 5F 61 6C 69 76 65 5F 61 63 6B 31 22 7D 0A 
I (201564) GW_TCP_DEBUG::: tcp-loop start: sock: 37,  start_idx = 0,  rx_len = 32
I (201564) GW_TCP_DEBUG::: tco-loop-new-line-found: line_end_idx= 31
I (201574) GW_TCP_SERVER: tcp-01-03json: sock =37 , msg_len = 31, json = {"msg_type": "keep_alive_ack1"} 
I (201584) GW_TCP_SERVER: tcp-01-04-Rx JSON from sock 37 :: {"msg_type": "keep_alive_ack1"}
I (201594) GW_TCP_SERVER: tcp-02-03-dispatching to msg_handler : sock = 37.  role = 1,  json= {"msg_type": "keep_alive_ack1"}
I (201604) GW_MSG_HANDLER: Processing message from sock 37 (role=1): {"msg_type": "keep_alive_ack1"}
I (201614) GW_MSG_HANDLER: non known json data rxed.
I (201614) GW_MSG_HANDLER: Msg_handler Finish parse for msg_type = keep_alive_ack1
I (201624) GW_TCP_SERVER: tcp-02-04-msg dispatched continuing parse loop
W (201634) GW_TCP_DEBUG::: tcp-15-01-update last seen finish and lock
W (201634) GW_TCP_DEBUG::: tcp-35-01-time is 201634..
W (201644) GW_TCP_DEBUG::: tcp-15-02-update last seen finish and unlock
I (201644) GW_TCP_DEBUG::: tcp-before-lock sock =37
I (201654) GW_TCP_DEBUG::: tcp-after-lock sock =37
I (201654) GW_TCP_DEBUG::: tcp-loop start: sock: 37,  start_idx = 32,  rx_len = 32
I (201664) GW_TCP_SERVER: tcp-01-no new line in sock : 37, remain = 0
I (201664) GW_TCP_SERVER: tcp-03-01-compacting buffer : 0
I (206554) GW_TCP_SERVER: TCP__10__tcp rx all raw data:  :: len = 32,  raw = {"msg_type": "keep_alive_ack2"}

7B 22 6D 73 67 5F 74 79 70 65 22 3A 20 22 6B 65 65 70 5F 61 6C 69 76 65 5F 61 63 6B 32 22 7D 0A 
I (206564) GW_TCP_DEBUG::: tcp-loop start: sock: 37,  start_idx = 0,  rx_len = 32
I (206564) GW_TCP_DEBUG::: tco-loop-new-line-found: line_end_idx= 31
I (206574) GW_TCP_SERVER: tcp-01-03json: sock =37 , msg_len = 31, json = {"msg_type": "keep_alive_ack2"} 
I (206584) GW_TCP_SERVER: tcp-01-04-Rx JSON from sock 37 :: {"msg_type": "keep_alive_ack2"}
I (206594) GW_TCP_SERVER: tcp-02-03-dispatching to msg_handler : sock = 37.  role = 1,  json= {"msg_type": "keep_alive_ack2"}
I (206604) GW_MSG_HANDLER: Processing message from sock 37 (role=1): {"msg_type": "keep_alive_ack2"}
I (206614) GW_MSG_HANDLER: non known json data rxed.
I (206614) GW_MSG_HANDLER: Msg_handler Finish parse for msg_type = keep_alive_ack2
I (206624) GW_TCP_SERVER: tcp-02-04-msg dispatched continuing parse loop
W (206624) GW_TCP_DEBUG::: tcp-15-01-update last seen finish and lock
W (206634) GW_TCP_DEBUG::: tcp-35-01-time is 206634..
W (206634) GW_TCP_DEBUG::: tcp-15-02-update last seen finish and unlock
I (206644) GW_TCP_DEBUG::: tcp-before-lock sock =37
I (206654) GW_TCP_DEBUG::: tcp-after-lock sock =37
I (206654) GW_TCP_DEBUG::: tcp-loop start: sock: 37,  start_idx = 32,  rx_len = 32
I (206664) GW_TCP_SERVER: tcp-01-no new line in sock : 37, remain = 0
I (206664) GW_TCP_SERVER: tcp-03-01-compacting buffer : 0
I (211614) GW_TCP_SERVER: TCP__10__tcp rx all raw data:  :: len = 32,  raw = {"msg_type": "keep_alive_ack3"}

7B 22 6D 73 67 5F 74 79 70 65 22 3A 20 22 6B 65 65 70 5F 61 6C 69 76 65 5F 61 63 6B 33 22 7D 0A 
I (211624) GW_TCP_DEBUG::: tcp-loop start: sock: 37,  start_idx = 0,  rx_len = 32
I (211634) GW_TCP_DEBUG::: tco-loop-new-line-found: line_end_idx= 31
I (211634) GW_TCP_SERVER: tcp-01-03json: sock =37 , msg_len = 31, json = {"msg_type": "keep_alive_ack3"} 
I (211644) GW_TCP_SERVER: tcp-01-04-Rx JSON from sock 37 :: {"msg_type": "keep_alive_ack3"}
I (211654) GW_TCP_SERVER: tcp-02-03-dispatching to msg_handler : sock = 37.  role = 1,  json= {"msg_type": "keep_alive_ack3"}
I (211664) GW_MSG_HANDLER: Processing message from sock 37 (role=1): {"msg_type": "keep_alive_ack3"}
I (211674) GW_MSG_HANDLER: non known json data rxed.
I (211684) GW_MSG_HANDLER: Msg_handler Finish parse for msg_type = keep_alive_ack3
I (211684) GW_TCP_SERVER: tcp-02-04-msg dispatched continuing parse loop
W (211694) GW_TCP_DEBUG::: tcp-15-01-update last seen finish and lock
W (211704) GW_TCP_DEBUG::: tcp-35-01-time is 211704..
W (211704) GW_TCP_DEBUG::: tcp-15-02-update last seen finish and unlock
I (211714) GW_TCP_DEBUG::: tcp-before-lock sock =37
I (211714) GW_TCP_DEBUG::: tcp-after-lock sock =37
I (211724) GW_TCP_DEBUG::: tcp-loop start: sock: 37,  start_idx = 32,  rx_len = 32
I (211724) GW_TCP_SERVER: tcp-01-no new line in sock : 37, remain = 0
I (211734) GW_TCP_SERVER: tcp-03-01-compacting buffer : 0
I (212374) wifi:station: a4:5e:60:c5:69:75 leave, AID = 1, reason = 8, bss_flags is 691299, bss:0x3c0d0da8
I (212374) wifi:new:<1,0>, old:<1,0>, ap:<1,0>, sta:<255,255>, prof:1, snd_ch_cfg:0x0
I (212384) wifi:<ba-del>idx:3, tid:0
I (212384) wifi:<ba-del>idx:4, tid:1
I (212394) wifi:<ba-del>idx:2, tid:6
I (212404) wifi:new:<1,1>, old:<1,0>, ap:<1,1>, sta:<255,255>, prof:1, snd_ch_cfg:0x0
E (236944) GW_TCP_SERVER: recv failed: errno 113
I (236944) GW_TCP_SERVER: Closing client socket 37
W (236944) GW_TCP_SERVER: OTA Server disconnected
I (236944) GW_TCP_SERVER: Client connected, sock=37, ip=192.168.4.2, port=51778
I (236954) GW_TCP_SERVER: OTA Server socket set: 37
I (236954) GW_TCP_SERVER: TCP__10__tcp rx all raw data:  :: len = 44,  raw = {"msg_type": "hello", "role": "ota_server"}

7B 22 6D 73 67 5F 74 79 70 65 22 3A 20 22 68 65 6C 6C 6F 22 2C 20 22 72 6F 6C 65 22 3A 20 22 6F 74 61 5F 73 65 72 76 65 72 22 7D 0A 
I (236974) GW_TCP_DEBUG::: tcp-loop start: sock: 37,  start_idx = 0,  rx_len = 44
I (236984) GW_TCP_DEBUG::: tco-loop-new-line-found: line_end_idx= 43
I (236994) GW_TCP_SERVER: tcp-01-03json: sock =37 , msg_len = 43, json = {"msg_type": "hello", "role": "ota_server"} 
I (237004) GW_TCP_SERVER: tcp-01-04-Rx JSON from sock 37 :: {"msg_type": "hello", "role": "ota_server"}
I (237014) GW_TCP_SERVER: tcp-02-03-dispatching to msg_handler : sock = 37.  role = 1,  json= {"msg_type": "hello", "role": "ota_server"}
I (237024) GW_MSG_HANDLER: Processing message from sock 37 (role=1): {"msg_type": "hello", "role": "ota_server"}
I (237034) GW_MSG_HANDLER: OTA server hello received on sock 37
I (237034) GW_MSG_HANDLER: Msg_handler Finish parse for msg_type = hello
I (237044) GW_TCP_SERVER: tcp-02-04-msg dispatched continuing parse loop
W (237054) GW_TCP_DEBUG::: tcp-15-01-update last seen finish and lock
W (237054) GW_TCP_DEBUG::: tcp-35-01-time is 237054..
W (237064) GW_TCP_DEBUG::: tcp-15-02-update last seen finish and unlock
I (237064) GW_TCP_DEBUG::: tcp-before-lock sock =37
I (237074) GW_TCP_DEBUG::: tcp-after-lock sock =37
I (237074) GW_TCP_DEBUG::: tcp-loop start: sock: 37,  start_idx = 44,  rx_len = 44
I (237084) GW_TCP_SERVER: tcp-01-no new line in sock : 37, remain = 0
I (237094) GW_TCP_SERVER: tcp-03-01-compacting buffer : 0
E (237444) GW_TCP_SERVER: recv failed: errno 113
I (237444) GW_TCP_SERVER: Closing client socket 37
W (237444) GW_TCP_SERVER: OTA Server disconnected





I (126664) GW_TCP_SERVER: tcp-03-01-compacting buffer : 0
W (126954) GW_TCP_SERVER: Client disconnected
I (126954) GW_TCP_SERVER: Closing client socket 37
W (126954) GW_TCP_SERVER: OTA Server disconnected
E (126964) GW_TCP_SERVER: Unable to accept connection: errno 128
E (126964) GW_TCP_SERVER: Unable to accept connection: errno 128
I (126974) GW_TCP_SERVER: Client connected, sock=37, ip=192.168.4.2, port=50981
I (126974) GW_TCP_SERVER: OTA Server socket set: 37
I (126984) GW_TCP_SERVER: TCP__10__tcp rx all raw data:  :: len = 300,  raw = {"msg_type": "hello", "role": "ota_server"}
{"msg_type": "ota_task", "task_id": "20251212_124216_758", "device_name": "Veh1_SCM1", "client_id": "758", "version": "v2.1.4", "firmware_url": "https://192.168.4.2:8080/firmware/ota_client_v2.1.4.bin", "timestamp": "20251212_124216", "status": "pending"}

7B 22 6D 73 67 5F 74 79 70 65 22 3A 20 22 68 65 6C 6C 6F 22 2C 20 22 72 6F 6C 65 22 3A 20 22 6F 74 61 5F 73 65 72 76 65 72 22 7D 0A 7B 22 6D 73 67 5F 74 79 70 65 22 3A 20 22 6F 74 61 5F 74 61 73 6B 22 2C 20 22 74 61 73 6B 5F 69 64 22 3A 20 22 32 30 32 35 31 32 31 32 5F 31 32 34 32 31 36 5F 37 35 38 22 2C 20 22 64 65 76 69 63 65 5F 6E 61 6D 65 22 3A 20 22 56 65 68 31 5F 53 43 4D 31 22 2C 20 22 63 6C 69 65 6E 74 5F 69 64 22 3A 20 22 37 35 38 22 2C 20 22 76 65 72 73 69 6F 6E 22 3A 20 22 76 32 2E 31 2E 34 22 2C 20 22 66 69 72 6D 77 61 72 65 5F 75 72 6C 22 3A 20 22 68 74 74 70 73 3A 2F 2F 31 39 32 2E 31 36 38 2E 34 2E 32 3A 38 30 38 30 2F 66 69 72 6D 77 61 72 65 2F 6F 74 61 5F 63 6C 69 65 6E 74 5F 76 32 2E 31 2E 34 2E 62 69 6E 22 2C 20 22 74 69 6D 65 73 74 61 6D 70 22 3A 20 22 32 30 32 35 31 32 31 32 5F 31 32 34 32 31 36 22 2C 20 22 73 74 61 74 75 73 22 3A 20 22 70 65 6E 64 69 6E 67 22 7D 0A 
I (127094) GW_TCP_DEBUG::: tcp-loop start: sock: 37,  start_idx = 0,  rx_len = 300
I (127104) GW_TCP_DEBUG::: tco-loop-new-line-found: line_end_idx= 43
I (127104) GW_TCP_SERVER: tcp-01-03json: sock =37 , msg_len = 43, json = {"msg_type": "hello", "role": "ota_server"} 
I (127114) GW_TCP_SERVER: tcp-01-04-Rx JSON from sock 37 :: {"msg_type": "hello", "role": "ota_server"}
I (127124) GW_TCP_SERVER: tcp-02-03-dispatching to msg_handler : sock = 37.  role = 1,  json= {"msg_type": "hello", "role": "ota_server"}
I (127134) GW_MSG_HANDLER: Processing message from sock 37 (role=1): {"msg_type": "hello", "role": "ota_server"}
I (127144) GW_MSG_HANDLER: OTA server hello received on sock 37
I (127154) GW_MSG_HANDLER: Msg_handler Finish parse for msg_type = hello
I (127164) GW_TCP_SERVER: tcp-02-04-msg dispatched continuing parse loop
W (127164) GW_TCP_DEBUG::: tcp-15-01-update last seen finish and lock
W (127174) GW_TCP_DEBUG::: tcp-35-01-time is 127174..
W (127174) GW_TCP_DEBUG::: tcp-15-02-update last seen finish and unlock
I (127184) GW_TCP_DEBUG::: tcp-before-lock sock =37
I (127184) GW_TCP_DEBUG::: tcp-after-lock sock =37
I (127194) GW_TCP_DEBUG::: tcp-loop start: sock: 37,  start_idx = 44,  rx_len = 300
I (127204) GW_TCP_DEBUG::: tco-loop-new-line-found: line_end_idx= 299
I (127204) GW_TCP_SERVER: tcp-01-03json: sock =37 , msg_len = 255, json = {"msg_type": "ota_task", "task_id": "20251212_124216_758", "device_name": "Veh1_SCM1", "client_id": "758", "version": "v2.1.4", "firmware_url": "https://192.168.4.2:8080/firmware/ota_client_v2.1.4.bin", "timestamp": "20251212_124216", "status": "pending"} 
I (127234) GW_TCP_SERVER: tcp-01-04-Rx JSON from sock 37 :: {"msg_type": "ota_task", "task_id": "20251212_124216_758", "device_name": "Veh1_SCM1", "client_id": "758", "version": "v2.1.4", "firmware_url": "https://192.168.4.2:8080/firmware/ota_client_v2.1.4.bin", "timestamp": "20251212_124216", "status": "pending"}
I (127264) GW_TCP_SERVER: tcp-02-03-dispatching to msg_handler : sock = 37.  role = 1,  json= {"msg_type": "ota_task", "task_id": "20251212_124216_758", "device_name": "Veh1_SCM1", "client_id": "758", "version": "v2.1.4", "firmware_url": "https://192.168.4.2:8080/firmware/ota_client_v2.1.4.bin", "timestamp": "20251212_124216", "status": "pending"}
I (127294) GW_MSG_HANDLER: Processing message from sock 37 (role=1): {"msg_type": "ota_task", "task_id": "20251212_124216_758", "device_name": "Veh1_SCM1", "client_id": "758", "version": "v2.1.4", "firmware_url": "https://192.168.4.2:8080/firmware/ota_client_v2.1.4.bin", "timestamp": "20251212_124216", "status": "pending"}
I (127324) GW_MSG_HANDLER: GW Rx ota task, schedule delay dispatch to otaapp 
I (127324) OTA_APP_MGMT: New Task [20251212_124216_758] created in Queue, wait for User response 
I (127334) GW_MSG_HANDLER: Msg_handler Finish parse for msg_type = ota_task
I (127344) GW_TCP_SERVER: tcp-02-04-msg dispatched continuing parse loop
W (127354) GW_TCP_DEBUG::: tcp-15-01-update last seen finish and lock
W (127354) GW_TCP_DEBUG::: tcp-35-01-time is 127354..
W (127364) GW_TCP_DEBUG::: tcp-15-02-update last seen finish and unlock
I (127364) GW_TCP_DEBUG::: tcp-before-lock sock =37
I (127374) GW_TCP_DEBUG::: tcp-after-lock sock =37
I (127374) GW_TCP_DEBUG::: tcp-loop start: sock: 37,  start_idx = 300,  rx_len = 300
I (127384) GW_TCP_SERVER: tcp-01-no new line in sock : 37, remain = 0
I (127394) GW_TCP_SERVER: tcp-03-01-compacting buffer : 0
W (127394) GW_TCP_SERVER: Client disconnected
I (127404) GW_TCP_SERVER: Closing client socket 37
W (127404) GW_TCP_SERVER: OTA Server disconnected
I (127404) GW_TCP_SERVER: Client connected, sock=37, ip=192.168.4.2, port=51262
I (127414) GW_TCP_SERVER: OTA Server socket set: 37
W (127424) GW_TCP_SERVER: Client disconnected
I (127424) GW_TCP_SERVER: Closing client socket 37
W (127434) GW_TCP_SERVER: OTA Server disconnected
I (128084) GW_TCP_SERVER: Client connected, sock=37, ip=192.168.4.2, port=51519
I (128094) GW_TCP_SERVER: OTA Server socket set: 37
I (131604) GW_TCP_SERVER: TCP__10__tcp rx all raw data:  :: len = 32,  raw = {"msg_type": "keep_alive_ack0"}

7B 22 6D 73 67 5F 74 79 70 65 22 3A 20 22 6B 65 65 70 5F 61 6C 69 76 65 5F 61 63 6B 30 22 7D 0A 
I (131614) GW_TCP_DEBUG::: tcp-loop start: sock: 37,  start_idx = 0,  rx_len = 32
I (131624) GW_TCP_DEBUG::: tco-loop-new-line-found: line_end_idx= 31
I (131624) GW_TCP_SERVER: tcp-01-03json: sock =37 , msg_len = 31, json = {"msg_type": "keep_alive_ack0"} 
I (131634) GW_TCP_SERVER: tcp-01-04-Rx JSON from sock 37 :: {"msg_type": "keep_alive_ack0"}
I (131644) GW_TCP_SERVER: tcp-02-03-dispatching to msg_handler : sock = 37.  role = 1,  json= {"msg_type": "keep_alive_ack0"}
I (131654) GW_MSG_HANDLER: Processing message from sock 37 (role=1): {"msg_type": "keep_alive_ack0"}
I (131664) GW_MSG_HANDLER: non known json data rxed.
I (131674) GW_MSG_HANDLER: Msg_handler Finish parse for msg_type = keep_alive_ack0
I (131674) GW_TCP_SERVER: tcp-02-04-msg dispatched continuing parse loop
W (131684) GW_TCP_DEBUG::: tcp-15-01-update last seen finish and lock
W (131694) GW_TCP_DEBUG::: tcp-35-01-time is 131694..
W (131694) GW_TCP_DEBUG::: tcp-15-02-update last seen finish and unlock
I (131704) GW_TCP_DEBUG::: tcp-before-lock sock =37
I (131704) GW_TCP_DEBUG::: tcp-after-lock sock =37
I (131714) GW_TCP_DEBUG::: tcp-loop start: sock: 37,  start_idx = 32,  rx_len = 32
I (131714) GW_TCP_SERVER: tcp-01-no new line in sock : 37, remain = 0
I (131724) GW_TCP_SERVER: tcp-03-01-compacting buffer : 0
I (136554) GW_TCP_SERVER: TCP__10__tcp rx all raw data:  :: len = 32,  raw = {"msg_type": "keep_alive_ack1"}

7B 22 6D 73 67 5F 74 79 70 65 22 3A 20 22 6B 65 65 70 5F 61 6C 69 76 65 5F 61 63 6B 31 22 7D 0A 
I (136564) GW_TCP_DEBUG::: tcp-loop start: sock: 37,  start_idx = 0,  rx_len = 32
I (136564) GW_TCP_DEBUG::: tco-loop-new-line-found: line_end_idx= 31
I (136574) GW_TCP_SERVER: tcp-01-03json: sock =37 , msg_len = 31, json = {"msg_type": "keep_alive_ack1"} 
I (136584) GW_TCP_SERVER: tcp-01-04-Rx JSON from sock 37 :: {"msg_type": "keep_alive_ack1"}
I (136594) GW_TCP_SERVER: tcp-02-03-dispatching to msg_handler : sock = 37.  role = 1,  json= {"msg_type": "keep_alive_ack1"}
I (136604) GW_MSG_HANDLER: Processing message from sock 37 (role=1): {"msg_type": "keep_alive_ack1"}
I (136614) GW_MSG_HANDLER: non known json data rxed.
I (136614) GW_MSG_HANDLER: Msg_handler Finish parse for msg_type = keep_alive_ack1
I (136624) GW_TCP_SERVER: tcp-02-04-msg dispatched continuing parse loop
W (136624) GW_TCP_DEBUG::: tcp-15-01-update last seen finish and lock
W (136634) GW_TCP_DEBUG::: tcp-35-01-time is 136634..
W (136644) GW_TCP_DEBUG::: tcp-15-02-update last seen finish and unlock
I (136644) GW_TCP_DEBUG::: tcp-before-lock sock =37
I (136654) GW_TCP_DEBUG::: tcp-after-lock sock =37
I (136654) GW_TCP_DEBUG::: tcp-loop start: sock: 37,  start_idx = 32,  rx_len = 32
I (136664) GW_TCP_SERVER: tcp-01-no new line in sock : 37, remain = 0
I (136664) GW_TCP_SERVER: tcp-03-01-compacting buffer : 0
I (141554) GW_TCP_SERVER: TCP__10__tcp rx all raw data:  :: len = 32,  raw = {"msg_type": "keep_alive_ack2"}

7B 22 6D 73 67 5F 74 79 70 65 22 3A 20 22 6B 65 65 70 5F 61 6C 69 76 65 5F 61 63 6B 32 22 7D 0A 
I (141564) GW_TCP_DEBUG::: tcp-loop start: sock: 37,  start_idx = 0,  rx_len = 32
I (141564) GW_TCP_DEBUG::: tco-loop-new-line-found: line_end_idx= 31
I (141574) GW_TCP_SERVER: tcp-01-03json: sock =37 , msg_len = 31, json = {"msg_type": "keep_alive_ack2"} 
I (141584) GW_TCP_SERVER: tcp-01-04-Rx JSON from sock 37 :: {"msg_type": "keep_alive_ack2"}
I (141594) GW_TCP_SERVER: tcp-02-03-dispatching to msg_handler : sock = 37.  role = 1,  json= {"msg_type": "keep_alive_ack2"}
I (141604) GW_MSG_HANDLER: Processing message from sock 37 (role=1): {"msg_type": "keep_alive_ack2"}
I (141614) GW_MSG_HANDLER: non known json data rxed.
I (141614) GW_MSG_HANDLER: Msg_handler Finish parse for msg_type = keep_alive_ack2
I (141624) GW_TCP_SERVER: tcp-02-04-msg dispatched continuing parse loop
W (141634) GW_TCP_DEBUG::: tcp-15-01-update last seen finish and lock
W (141634) GW_TCP_DEBUG::: tcp-35-01-time is 141634..
W (141644) GW_TCP_DEBUG::: tcp-15-02-update last seen finish and unlock
I (141644) GW_TCP_DEBUG::: tcp-before-lock sock =37
I (141654) GW_TCP_DEBUG::: tcp-after-lock sock =37
I (141654) GW_TCP_DEBUG::: tcp-loop start: sock: 37,  start_idx = 32,  rx_len = 32
I (141664) GW_TCP_SERVER: tcp-01-no new line in sock : 37, remain = 0
I (141674) GW_TCP_SERVER: tcp-03-01-compacting buffer : 0
I (146554) GW_TCP_SERVER: TCP__10__tcp rx all raw data:  :: len = 32,  raw = {"msg_type": "keep_alive_ack3"}

7B 22 6D 73 67 5F 74 79 70 65 22 3A 20 22 6B 65 65 70 5F 61 6C 69 76 65 5F 61 63 6B 33 22 7D 0A 
I (146564) GW_TCP_DEBUG::: tcp-loop start: sock: 37,  start_idx = 0,  rx_len = 32
I (146564) GW_TCP_DEBUG::: tco-loop-new-line-found: line_end_idx= 31
I (146574) GW_TCP_SERVER: tcp-01-03json: sock =37 , msg_len = 31, json = {"msg_type": "keep_alive_ack3"} 
I (146584) GW_TCP_SERVER: tcp-01-04-Rx JSON from sock 37 :: {"msg_type": "keep_alive_ack3"}
I (146594) GW_TCP_SERVER: tcp-02-03-dispatching to msg_handler : sock = 37.  role = 1,  json= {"msg_type": "keep_alive_ack3"}
I (146604) GW_MSG_HANDLER: Processing message from sock 37 (role=1): {"msg_type": "keep_alive_ack3"}
I (146614) GW_MSG_HANDLER: non known json data rxed.
I (146614) GW_MSG_HANDLER: Msg_handler Finish parse for msg_type = keep_alive_ack3
I (146624) GW_TCP_SERVER: tcp-02-04-msg dispatched continuing parse loop
W (146624) GW_TCP_DEBUG::: tcp-15-01-update last seen finish and lock
W (146634) GW_TCP_DEBUG::: tcp-35-01-time is 146634..
W (146634) GW_TCP_DEBUG::: tcp-15-02-update last seen finish and unlock
I (146644) GW_TCP_DEBUG::: tcp-before-lock sock =37
I (146654) GW_TCP_DEBUG::: tcp-after-lock sock =37
I (146654) GW_TCP_DEBUG::: tcp-loop start: sock: 37,  start_idx = 32,  rx_len = 32
I (146664) GW_TCP_SERVER: tcp-01-no new line in sock : 37, remain = 0
I (146664) GW_TCP_SERVER: tcp-03-01-compacting buffer : 0
I (151554) GW_TCP_SERVER: TCP__10__tcp rx all raw data:  :: len = 32,  raw = {"msg_type": "keep_alive_ack4"}

7B 22 6D 73 67 5F 74 79 70 65 22 3A 20 22 6B 65 65 70 5F 61 6C 69 76 65 5F 61 63 6B 34 22 7D 0A 
I (151564) GW_TCP_DEBUG::: tcp-loop start: sock: 37,  start_idx = 0,  rx_len = 32
I (151564) GW_TCP_DEBUG::: tco-loop-new-line-found: line_end_idx= 31
I (151574) GW_TCP_SERVER: tcp-01-03json: sock =37 , msg_len = 31, json = {"msg_type": "keep_alive_ack4"} 
I (151584) GW_TCP_SERVER: tcp-01-04-Rx JSON from sock 37 :: {"msg_type": "keep_alive_ack4"}
I (151594) GW_TCP_SERVER: tcp-02-03-dispatching to msg_handler : sock = 37.  role = 1,  json= {"msg_type": "keep_alive_ack4"}
I (151604) GW_MSG_HANDLER: Processing message from sock 37 (role=1): {"msg_type": "keep_alive_ack4"}
I (151614) GW_MSG_HANDLER: non known json data rxed.
I (151614) GW_MSG_HANDLER: Msg_handler Finish parse for msg_type = keep_alive_ack4
I (151624) GW_TCP_SERVER: tcp-02-04-msg dispatched continuing parse loop
W (151624) GW_TCP_DEBUG::: tcp-15-01-update last seen finish and lock
W (151634) GW_TCP_DEBUG::: tcp-35-01-time is 151634..
W (151644) GW_TCP_DEBUG::: tcp-15-02-update last seen finish and unlock
I (151644) GW_TCP_DEBUG::: tcp-before-lock sock =37
I (151654) GW_TCP_DEBUG::: tcp-after-lock sock =37
I (151654) GW_TCP_DEBUG::: tcp-loop start: sock: 37,  start_idx = 32,  rx_len = 32
I (151664) GW_TCP_SERVER: tcp-01-no new line in sock : 37, remain = 0
I (151664) GW_TCP_SERVER: tcp-03-01-compacting buffer : 0
I (156564) GW_TCP_SERVER: TCP__10__tcp rx all raw data:  :: len = 32,  raw = {"msg_type": "keep_alive_ack5"}

7B 22 6D 73 67 5F 74 79 70 65 22 3A 20 22 6B 65 65 70 5F 61 6C 69 76 65 5F 61 63 6B 35 22 7D 0A 
I (156574) GW_TCP_DEBUG::: tcp-loop start: sock: 37,  start_idx = 0,  rx_len = 32
I (156574) GW_TCP_DEBUG::: tco-loop-new-line-found: line_end_idx= 31
I (156584) GW_TCP_SERVER: tcp-01-03json: sock =37 , msg_len = 31, json = {"msg_type": "keep_alive_ack5"} 
I (156594) GW_TCP_SERVER: tcp-01-04-Rx JSON from sock 37 :: {"msg_type": "keep_alive_ack5"}
I (156604) GW_TCP_SERVER: tcp-02-03-dispatching to msg_handler : sock = 37.  role = 1,  json= {"msg_type": "keep_alive_ack5"}
I (156614) GW_MSG_HANDLER: Processing message from sock 37 (role=1): {"msg_type": "keep_alive_ack5"}
I (156624) GW_MSG_HANDLER: non known json data rxed.
I (156624) GW_MSG_HANDLER: Msg_handler Finish parse for msg_type = keep_alive_ack5
I (156634) GW_TCP_SERVER: tcp-02-04-msg dispatched continuing parse loop
W (156644) GW_TCP_DEBUG::: tcp-15-01-update last seen finish and lock
W (156644) GW_TCP_DEBUG::: tcp-35-01-time is 156644..
W (156654) GW_TCP_DEBUG::: tcp-15-02-update last seen finish and unlock
I (156654) GW_TCP_DEBUG::: tcp-before-lock sock =37
I (156664) GW_TCP_DEBUG::: tcp-after-lock sock =37
I (156664) GW_TCP_DEBUG::: tcp-loop start: sock: 37,  start_idx = 32,  rx_len = 32
I (156674) GW_TCP_SERVER: tcp-01-no new line in sock : 37, remain = 0
I (156674) GW_TCP_SERVER: tcp-03-01-compacting buffer : 0
I (161554) GW_TCP_SERVER: TCP__10__tcp rx all raw data:  :: len = 32,  raw = {"msg_type": "keep_alive_ack6"}

7B 22 6D 73 67 5F 74 79 70 65 22 3A 20 22 6B 65 65 70 5F 61 6C 69 76 65 5F 61 63 6B 36 22 7D 0A 
I (161564) GW_TCP_DEBUG::: tcp-loop start: sock: 37,  start_idx = 0,  rx_len = 32
I (161564) GW_TCP_DEBUG::: tco-loop-new-line-found: line_end_idx= 31
I (161574) GW_TCP_SERVER: tcp-01-03json: sock =37 , msg_len = 31, json = {"msg_type": "keep_alive_ack6"} 
I (161584) GW_TCP_SERVER: tcp-01-04-Rx JSON from sock 37 :: {"msg_type": "keep_alive_ack6"}
I (161594) GW_TCP_SERVER: tcp-02-03-dispatching to msg_handler : sock = 37.  role = 1,  json= {"msg_type": "keep_alive_ack6"}
I (161604) GW_MSG_HANDLER: Processing message from sock 37 (role=1): {"msg_type": "keep_alive_ack6"}
I (161614) GW_MSG_HANDLER: non known json data rxed.
I (161614) GW_MSG_HANDLER: Msg_handler Finish parse for msg_type = keep_alive_ack6
I (161624) GW_TCP_SERVER: tcp-02-04-msg dispatched continuing parse loop
W (161624) GW_TCP_DEBUG::: tcp-15-01-update last seen finish and lock
W (161634) GW_TCP_DEBUG::: tcp-35-01-time is 161634..
W (161644) GW_TCP_DEBUG::: tcp-15-02-update last seen finish and unlock
I (161644) GW_TCP_DEBUG::: tcp-before-lock sock =37
I (161654) GW_TCP_DEBUG::: tcp-after-lock sock =37
I (161654) GW_TCP_DEBUG::: tcp-loop start: sock: 37,  start_idx = 32,  rx_len = 32
I (161664) GW_TCP_SERVER: tcp-01-no new line in sock : 37, remain = 0
I (161664) GW_TCP_SERVER: tcp-03-01-compacting buffer : 0
I (166554) GW_TCP_SERVER: TCP__10__tcp rx all raw data:  :: len = 32,  raw = {"msg_type": "keep_alive_ack7"}

7B 22 6D 73 67 5F 74 79 70 65 22 3A 20 22 6B 65 65 70 5F 61 6C 69 76 65 5F 61 63 6B 37 22 7D 0A 
I (166564) GW_TCP_DEBUG::: tcp-loop start: sock: 37,  start_idx = 0,  rx_len = 32
I (166564) GW_TCP_DEBUG::: tco-loop-new-line-found: line_end_idx= 31
I (166574) GW_TCP_SERVER: tcp-01-03json: sock =37 , msg_len = 31, json = {"msg_type": "keep_alive_ack7"} 
I (166584) GW_TCP_SERVER: tcp-01-04-Rx JSON from sock 37 :: {"msg_type": "keep_alive_ack7"}
I (166594) GW_TCP_SERVER: tcp-02-03-dispatching to msg_handler : sock = 37.  role = 1,  json= {"msg_type": "keep_alive_ack7"}
I (166604) GW_MSG_HANDLER: Processing message from sock 37 (role=1): {"msg_type": "keep_alive_ack7"}
I (166614) GW_MSG_HANDLER: non known json data rxed.
I (166614) GW_MSG_HANDLER: Msg_handler Finish parse for msg_type = keep_alive_ack7
I (166624) GW_TCP_SERVER: tcp-02-04-msg dispatched continuing parse loop
W (166624) GW_TCP_DEBUG::: tcp-15-01-update last seen finish and lock
W (166634) GW_TCP_DEBUG::: tcp-35-01-time is 166634..
W (166644) GW_TCP_DEBUG::: tcp-15-02-update last seen finish and unlock
I (166644) GW_TCP_DEBUG::: tcp-before-lock sock =37
I (166654) GW_TCP_DEBUG::: tcp-after-lock sock =37
I (166654) GW_TCP_DEBUG::: tcp-loop start: sock: 37,  start_idx = 32,  rx_len = 32
I (166664) GW_TCP_SERVER: tcp-01-no new line in sock : 37, remain = 0
I (166664) GW_TCP_SERVER: tcp-03-01-compacting buffer : 0
I (171554) GW_TCP_SERVER: TCP__10__tcp rx all raw data:  :: len = 32,  raw = {"msg_type": "keep_alive_ack8"}

7B 22 6D 73 67 5F 74 79 70 65 22 3A 20 22 6B 65 65 70 5F 61 6C 69 76 65 5F 61 63 6B 38 22 7D 0A 
I (171564) GW_TCP_DEBUG::: tcp-loop start: sock: 37,  start_idx = 0,  rx_len = 32
I (171564) GW_TCP_DEBUG::: tco-loop-new-line-found: line_end_idx= 31
I (171574) GW_TCP_SERVER: tcp-01-03json: sock =37 , msg_len = 31, json = {"msg_type": "keep_alive_ack8"} 
I (171584) GW_TCP_SERVER: tcp-01-04-Rx JSON from sock 37 :: {"msg_type": "keep_alive_ack8"}
I (171594) GW_TCP_SERVER: tcp-02-03-dispatching to msg_handler : sock = 37.  role = 1,  json= {"msg_type": "keep_alive_ack8"}
I (171604) GW_MSG_HANDLER: Processing message from sock 37 (role=1): {"msg_type": "keep_alive_ack8"}
I (171614) GW_MSG_HANDLER: non known json data rxed.
I (171614) GW_MSG_HANDLER: Msg_handler Finish parse for msg_type = keep_alive_ack8
I (171624) GW_TCP_SERVER: tcp-02-04-msg dispatched continuing parse loop
W (171624) GW_TCP_DEBUG::: tcp-15-01-update last seen finish and lock
W (171634) GW_TCP_DEBUG::: tcp-35-01-time is 171634..
W (171634) GW_TCP_DEBUG::: tcp-15-02-update last seen finish and unlock
I (171644) GW_TCP_DEBUG::: tcp-before-lock sock =37
I (171654) GW_TCP_DEBUG::: tcp-after-lock sock =37
I (171654) GW_TCP_DEBUG::: tcp-loop start: sock: 37,  start_idx = 32,  rx_len = 32
I (171664) GW_TCP_SERVER: tcp-01-no new line in sock : 37, remain = 0
I (171664) GW_TCP_SERVER: tcp-03-01-compacting buffer : 0
I (176574) GW_TCP_SERVER: TCP__10__tcp rx all raw data:  :: len = 32,  raw = {"msg_type": "keep_alive_ack9"}

7B 22 6D 73 67 5F 74 79 70 65 22 3A 20 22 6B 65 65 70 5F 61 6C 69 76 65 5F 61 63 6B 39 22 7D 0A 
I (176584) GW_TCP_DEBUG::: tcp-loop start: sock: 37,  start_idx = 0,  rx_len = 32
I (176584) GW_TCP_DEBUG::: tco-loop-new-line-found: line_end_idx= 31
I (176594) GW_TCP_SERVER: tcp-01-03json: sock =37 , msg_len = 31, json = {"msg_type": "keep_alive_ack9"} 
I (176604) GW_TCP_SERVER: tcp-01-04-Rx JSON from sock 37 :: {"msg_type": "keep_alive_ack9"}
I (176614) GW_TCP_SERVER: tcp-02-03-dispatching to msg_handler : sock = 37.  role = 1,  json= {"msg_type": "keep_alive_ack9"}
I (176624) GW_MSG_HANDLER: Processing message from sock 37 (role=1): {"msg_type": "keep_alive_ack9"}
I (176634) GW_MSG_HANDLER: non known json data rxed.
I (176634) GW_MSG_HANDLER: Msg_handler Finish parse for msg_type = keep_alive_ack9
I (176644) GW_TCP_SERVER: tcp-02-04-msg dispatched continuing parse loop
W (176654) GW_TCP_DEBUG::: tcp-15-01-update last seen finish and lock
W (176654) GW_TCP_DEBUG::: tcp-35-01-time is 176654..
W (176664) GW_TCP_DEBUG::: tcp-15-02-update last seen finish and unlock
I (176664) GW_TCP_DEBUG::: tcp-before-lock sock =37
I (176674) GW_TCP_DEBUG::: tcp-after-lock sock =37
I (176674) GW_TCP_DEBUG::: tcp-loop start: sock: 37,  start_idx = 32,  rx_len = 32
I (176684) GW_TCP_SERVER: tcp-01-no new line in sock : 37, remain = 0
I (176694) GW_TCP_SERVER: tcp-03-01-compacting buffer : 0
I (181554) GW_TCP_SERVER: TCP__10__tcp rx all raw data:  :: len = 33,  raw = {"msg_type": "keep_alive_ack10"}

7B 22 6D 73 67 5F 74 79 70 65 22 3A 20 22 6B 65 65 70 5F 61 6C 69 76 65 5F 61 63 6B 31 30 22 7D 0A 
I (181564) GW_TCP_DEBUG::: tcp-loop start: sock: 37,  start_idx = 0,  rx_len = 33
I (181564) GW_TCP_DEBUG::: tco-loop-new-line-found: line_end_idx= 32
I (181574) GW_TCP_SERVER: tcp-01-03json: sock =37 , msg_len = 32, json = {"msg_type": "keep_alive_ack10"} 
I (181584) GW_TCP_SERVER: tcp-01-04-Rx JSON from sock 37 :: {"msg_type": "keep_alive_ack10"}
I (181594) GW_TCP_SERVER: tcp-02-03-dispatching to msg_handler : sock = 37.  role = 1,  json= {"msg_type": "keep_alive_ack10"}
I (181604) GW_MSG_HANDLER: Processing message from sock 37 (role=1): {"msg_type": "keep_alive_ack10"}
I (181614) GW_MSG_HANDLER: non known json data rxed.
I (181614) GW_MSG_HANDLER: Msg_handler Finish parse for msg_type = keep_alive_ack10
I (181624) GW_TCP_SERVER: tcp-02-04-msg dispatched continuing parse loop
W (181634) GW_TCP_DEBUG::: tcp-15-01-update last seen finish and lock
W (181634) GW_TCP_DEBUG::: tcp-35-01-time is 181634..
W (181644) GW_TCP_DEBUG::: tcp-15-02-update last seen finish and unlock
I (181644) GW_TCP_DEBUG::: tcp-before-lock sock =37
I (181654) GW_TCP_DEBUG::: tcp-after-lock sock =37
I (181654) GW_TCP_DEBUG::: tcp-loop start: sock: 37,  start_idx = 33,  rx_len = 33
I (181664) GW_TCP_SERVER: tcp-01-no new line in sock : 37, remain = 0
I (181674) GW_TCP_SERVER: tcp-03-01-compacting buffer : 0
I (186564) GW_TCP_SERVER: TCP__10__tcp rx all raw data:  :: len = 33,  raw = {"msg_type": "keep_alive_ack11"}

7B 22 6D 73 67 5F 74 79 70 65 22 3A 20 22 6B 65 65 70 5F 61 6C 69 76 65 5F 61 63 6B 31 31 22 7D 0A 
I (186574) GW_TCP_DEBUG::: tcp-loop start: sock: 37,  start_idx = 0,  rx_len = 33
I (186584) GW_TCP_DEBUG::: tco-loop-new-line-found: line_end_idx= 32
I (186584) GW_TCP_SERVER: tcp-01-03json: sock =37 , msg_len = 32, json = {"msg_type": "keep_alive_ack11"} 
I (186594) GW_TCP_SERVER: tcp-01-04-Rx JSON from sock 37 :: {"msg_type": "keep_alive_ack11"}
I (186604) GW_TCP_SERVER: tcp-02-03-dispatching to msg_handler : sock = 37.  role = 1,  json= {"msg_type": "keep_alive_ack11"}
I (186614) GW_MSG_HANDLER: Processing message from sock 37 (role=1): {"msg_type": "keep_alive_ack11"}
I (186624) GW_MSG_HANDLER: non known json data rxed.
I (186624) GW_MSG_HANDLER: Msg_handler Finish parse for msg_type = keep_alive_ack11
I (186634) GW_TCP_SERVER: tcp-02-04-msg dispatched continuing parse loop
W (186644) GW_TCP_DEBUG::: tcp-15-01-update last seen finish and lock
W (186644) GW_TCP_DEBUG::: tcp-35-01-time is 186644..
W (186654) GW_TCP_DEBUG::: tcp-15-02-update last seen finish and unlock
I (186664) GW_TCP_DEBUG::: tcp-before-lock sock =37
I (186664) GW_TCP_DEBUG::: tcp-after-lock sock =37
I (186664) GW_TCP_DEBUG::: tcp-loop start: sock: 37,  start_idx = 33,  rx_len = 33
I (186674) GW_TCP_SERVER: tcp-01-no new line in sock : 37, remain = 0
I (186684) GW_TCP_SERVER: tcp-03-01-compacting buffer : 0
I (191554) GW_TCP_SERVER: TCP__10__tcp rx all raw data:  :: len = 33,  raw = {"msg_type": "keep_alive_ack12"}

7B 22 6D 73 67 5F 74 79 70 65 22 3A 20 22 6B 65 65 70 5F 61 6C 69 76 65 5F 61 63 6B 31 32 22 7D 0A 
I (191564) GW_TCP_DEBUG::: tcp-loop start: sock: 37,  start_idx = 0,  rx_len = 33
I (191574) GW_TCP_DEBUG::: tco-loop-new-line-found: line_end_idx= 32
I (191574) GW_TCP_SERVER: tcp-01-03json: sock =37 , msg_len = 32, json = {"msg_type": "keep_alive_ack12"} 
I (191584) GW_TCP_SERVER: tcp-01-04-Rx JSON from sock 37 :: {"msg_type": "keep_alive_ack12"}
I (191594) GW_TCP_SERVER: tcp-02-03-dispatching to msg_handler : sock = 37.  role = 1,  json= {"msg_type": "keep_alive_ack12"}
I (191604) GW_MSG_HANDLER: Processing message from sock 37 (role=1): {"msg_type": "keep_alive_ack12"}
I (191614) GW_MSG_HANDLER: non known json data rxed.
I (191614) GW_MSG_HANDLER: Msg_handler Finish parse for msg_type = keep_alive_ack12
I (191624) GW_TCP_SERVER: tcp-02-04-msg dispatched continuing parse loop
W (191634) GW_TCP_DEBUG::: tcp-15-01-update last seen finish and lock
W (191634) GW_TCP_DEBUG::: tcp-35-01-time is 191634..
W (191644) GW_TCP_DEBUG::: tcp-15-02-update last seen finish and unlock
I (191654) GW_TCP_DEBUG::: tcp-before-lock sock =37
I (191654) GW_TCP_DEBUG::: tcp-after-lock sock =37
I (191654) GW_TCP_DEBUG::: tcp-loop start: sock: 37,  start_idx = 33,  rx_len = 33
I (191664) GW_TCP_SERVER: tcp-01-no new line in sock : 37, remain = 0
I (191674) GW_TCP_SERVER: tcp-03-01-compacting buffer : 0
W (193264) GW_TCP_SERVER: Client disconnected
I (193264) GW_TCP_SERVER: Closing client socket 37
W (193264) GW_TCP_SERVER: OTA Server disconnected
I (193264) GW_TCP_SERVER: Client connected, sock=37, ip=192.168.4.2, port=51520
I (193274) GW_TCP_SERVER: OTA Server socket set: 37
I (193274) GW_TCP_SERVER: TCP__10__tcp rx all raw data:  :: len = 512,  raw = {"msg_type": "ota_task", "task_id": "20251212_124320_758", "device_name": "Veh1_SCM1", "client_id": "758", "version": "v2.1.4", "firmware_url": "https://192.168.4.2:8080/firmware/ota_client_v2.1.4.bin", "timestamp": "20251212_124320", "status": "pending"}
{"msg_type": "ota_task", "task_id": "20251212_124324_758", "device_name": "Veh1_SCM1", "client_id": "758", "version": "v2.1.4", "firmware_url": "https://192.168.4.2:8080/firmware/ota_client_v2.1.4.bin", "timestamp": "20251212_124324", "status": "pending"}

7B 22 6D 73 67 5F 74 79 70 65 22 3A 20 22 6F 74 61 5F 74 61 73 6B 22 2C 20 22 74 61 73 6B 5F 69 64 22 3A 20 22 32 30 32 35 31 32 31 32 5F 31 32 34 33 32 30 5F 37 35 38 22 2C 20 22 64 65 76 69 63 65 5F 6E 61 6D 65 22 3A 20 22 56 65 68 31 5F 53 43 4D 31 22 2C 20 22 63 6C 69 65 6E 74 5F 69 64 22 3A 20 22 37 35 38 22 2C 20 22 76 65 72 73 69 6F 6E 22 3A 20 22 76 32 2E 31 2E 34 22 2C 20 22 66 69 72 6D 77 61 72 65 5F 75 72 6C 22 3A 20 22 68 74 74 70 73 3A 2F 2F 31 39 32 2E 31 36 38 2E 34 2E 32 3A 38 30 38 30 2F 66 69 72 6D 77 61 72 65 2F 6F 74 61 5F 63 6C 69 65 6E 74 5F 76 32 2E 31 2E 34 2E 62 69 6E 22 2C 20 22 74 69 6D 65 73 74 61 6D 70 22 3A 20 22 32 30 32 35 31 32 31 32 5F 31 32 34 33 32 30 22 2C 20 22 73 74 61 74 75 73 22 3A 20 22 70 65 6E 64 69 6E 67 22 7D 0A 7B 22 6D 73 67 5F 74 79 70 65 22 3A 20 22 6F 74 61 5F 74 61 73 6B 22 2C 20 22 74 61 73 6B 5F 69 64 22 3A 20 22 32 30 32 35 31 32 31 32 5F 31 32 34 33 32 34 5F 37 35 38 22 2C 20 22 64 65 76 69 63 65 5F 6E 61 6D 65 22 3A 20 22 56 65 68 31 5F 53 43 4D 31 22 2C 20 22 63 6C 69 65 6E 74 5F 69 64 22 3A 20 22 37 35 38 22 2C 20 22 76 65 72 73 69 6F 6E 22 3A 20 22 76 32 2E 31 2E 34 22 2C 20 22 66 69 72 6D 77 61 72 65 5F 75 72 6C 22 3A 20 22 68 74 74 70 73 3A 2F 2F 31 39 32 2E 31 36 38 2E 34 2E 32 3A 38 30 38 30 2F 66 69 72 6D 77 61 72 65 2F 6F 74 61 5F 63 6C 69 65 6E 74 5F 76 32 2E 31 2E 34 2E 62 69 6E 22 2C 20 22 74 69 6D 65 73 74 61 6D 70 22 3A 20 22 32 30 32 35 31 32 31 32 5F 31 32 34 33 32 34 22 2C 20 22 73 74 61 74 75 73 22 3A 20 22 70 65 6E 64 69 6E 67 22 7D 0A 
I (193464) GW_TCP_DEBUG::: tcp-loop start: sock: 37,  start_idx = 0,  rx_len = 512
I (193474) GW_TCP_DEBUG::: tco-loop-new-line-found: line_end_idx= 255
I (193474) GW_TCP_SERVER: tcp-01-03json: sock =37 , msg_len = 255, json = {"msg_type": "ota_task", "task_id": "20251212_124320_758", "device_name": "Veh1_SCM1", "client_id": "758", "version": "v2.1.4", "firmware_url": "https://192.168.4.2:8080/firmware/ota_client_v2.1.4.bin", "timestamp": "20251212_124320", "status": "pending"} 
I (193504) GW_TCP_SERVER: tcp-01-04-Rx JSON from sock 37 :: {"msg_type": "ota_task", "task_id": "20251212_124320_758", "device_name": "Veh1_SCM1", "client_id": "758", "version": "v2.1.4", "firmware_url": "https://192.168.4.2:8080/firmware/ota_client_v2.1.4.bin", "timestamp": "20251212_124320", "status": "pending"}
I (193534) GW_TCP_SERVER: tcp-02-03-dispatching to msg_handler : sock = 37.  role = 1,  json= {"msg_type": "ota_task", "task_id": "20251212_124320_758", "device_name": "Veh1_SCM1", "client_id": "758", "version": "v2.1.4", "firmware_url": "https://192.168.4.2:8080/firmware/ota_client_v2.1.4.bin", "timestamp": "20251212_124320", "status": "pending"}
I (193564) GW_MSG_HANDLER: Processing message from sock 37 (role=1): {"msg_type": "ota_task", "task_id": "20251212_124320_758", "device_name": "Veh1_SCM1", "client_id": "758", "version": "v2.1.4", "firmware_url": "https://192.168.4.2:8080/firmware/ota_client_v2.1.4.bin", "timestamp": "20251212_124320", "status": "pending"}
I (193594) GW_MSG_HANDLER: GW Rx ota task, schedule delay dispatch to otaapp 
I (193594) OTA_APP_MGMT: New Task [20251212_124320_758] created in Queue, wait for User response 
I (193604) GW_MSG_HANDLER: Msg_handler Finish parse for msg_type = ota_task
I (193614) GW_TCP_SERVER: tcp-02-04-msg dispatched continuing parse loop
W (193624) GW_TCP_DEBUG::: tcp-15-01-update last seen finish and lock
W (193624) GW_TCP_DEBUG::: tcp-35-01-time is 193624..
W (193634) GW_TCP_DEBUG::: tcp-15-02-update last seen finish and unlock
I (193634) GW_TCP_DEBUG::: tcp-before-lock sock =37
I (193644) GW_TCP_DEBUG::: tcp-after-lock sock =37
I (193644) GW_TCP_DEBUG::: tcp-loop start: sock: 37,  start_idx = 256,  rx_len = 512
I (193654) GW_TCP_DEBUG::: tco-loop-new-line-found: line_end_idx= 511
I (193664) GW_TCP_SERVER: tcp-01-03json: sock =37 , msg_len = 255, json = {"msg_type": "ota_task", "task_id": "20251212_124324_758", "device_name": "Veh1_SCM1", "client_id": "758", "version": "v2.1.4", "firmware_url": "https://192.168.4.2:8080/firmware/ota_client_v2.1.4.bin", "timestamp": "20251212_124324", "status": "pending"} 
I (193694) GW_TCP_SERVER: tcp-01-04-Rx JSON from sock 37 :: {"msg_type": "ota_task", "task_id": "20251212_124324_758", "device_name": "Veh1_SCM1", "client_id": "758", "version": "v2.1.4", "firmware_url": "https://192.168.4.2:8080/firmware/ota_client_v2.1.4.bin", "timestamp": "20251212_124324", "status": "pending"}
I (193714) GW_TCP_SERVER: tcp-02-03-dispatching to msg_handler : sock = 37.  role = 1,  json= {"msg_type": "ota_task", "task_id": "20251212_124324_758", "device_name": "Veh1_SCM1", "client_id": "758", "version": "v2.1.4", "firmware_url": "https://192.168.4.2:8080/firmware/ota_client_v2.1.4.bin", "timestamp": "20251212_124324", "status": "pending"}
I (193744) GW_MSG_HANDLER: Processing message from sock 37 (role=1): {"msg_type": "ota_task", "task_id": "20251212_124324_758", "device_name": "Veh1_SCM1", "client_id": "758", "version": "v2.1.4", "firmware_url": "https://192.168.4.2:8080/firmware/ota_client_v2.1.4.bin", "timestamp": "20251212_124324", "status": "pending"}
I (193774) GW_MSG_HANDLER: GW Rx ota task, schedule delay dispatch to otaapp 
I (193784) OTA_APP_MGMT: New Task [20251212_124324_758] created in Queue, wait for User response 
I (193794) GW_MSG_HANDLER: Msg_handler Finish parse for msg_type = ota_task
I (193794) GW_TCP_SERVER: tcp-02-04-msg dispatched continuing parse loop
W (193804) GW_TCP_DEBUG::: tcp-15-01-update last seen finish and lock
W (193814) GW_TCP_DEBUG::: tcp-35-01-time is 193814..
W (193814) GW_TCP_DEBUG::: tcp-15-02-update last seen finish and unlock
I (193824) GW_TCP_DEBUG::: tcp-before-lock sock =37
I (193824) GW_TCP_DEBUG::: tcp-after-lock sock =37
I (193834) GW_TCP_DEBUG::: tcp-loop start: sock: 37,  start_idx = 512,  rx_len = 512
I (193834) GW_TCP_SERVER: tcp-01-no new line in sock : 37, remain = 0
I (193844) GW_TCP_SERVER: tcp-03-01-compacting buffer : 0
W (193854) GW_TCP_SERVER: Client disconnected
I (193854) GW_TCP_SERVER: Closing client socket 37
W (193854) GW_TCP_SERVER: OTA Server disconnected
I (193864) GW_TCP_SERVER: Client connected, sock=37, ip=192.168.4.2, port=51755
I (193874) GW_TCP_SERVER: OTA Server socket set: 37
I (193874) GW_TCP_SERVER: TCP__10__tcp rx all raw data:  :: len = 44,  raw = {"msg_type": "hello", "role": "ota_server"}

7B 22 6D 73 67 5F 74 79 70 65 22 3A 20 22 68 65 6C 6C 6F 22 2C 20 22 72 6F 6C 65 22 3A 20 22 6F 74 61 5F 73 65 72 76 65 72 22 7D 0A 
I (193894) GW_TCP_DEBUG::: tcp-loop start: sock: 37,  start_idx = 0,  rx_len = 44
I (193904) GW_TCP_DEBUG::: tco-loop-new-line-found: line_end_idx= 43
I (193914) GW_TCP_SERVER: tcp-01-03json: sock =37 , msg_len = 43, json = {"msg_type": "hello", "role": "ota_server"} 
I (193924) GW_TCP_SERVER: tcp-01-04-Rx JSON from sock 37 :: {"msg_type": "hello", "role": "ota_server"}
I (193934) GW_TCP_SERVER: tcp-02-03-dispatching to msg_handler : sock = 37.  role = 1,  json= {"msg_type": "hello", "role": "ota_server"}
I (193944) GW_MSG_HANDLER: Processing message from sock 37 (role=1): {"msg_type": "hello", "role": "ota_server"}
I (193954) GW_MSG_HANDLER: OTA server hello received on sock 37
I (193954) GW_MSG_HANDLER: Msg_handler Finish parse for msg_type = hello
I (193964) GW_TCP_SERVER: tcp-02-04-msg dispatched continuing parse loop
W (193974) GW_TCP_DEBUG::: tcp-15-01-update last seen finish and lock
W (193974) GW_TCP_DEBUG::: tcp-35-01-time is 193974..
W (193984) GW_TCP_DEBUG::: tcp-15-02-update last seen finish and unlock
I (193984) GW_TCP_DEBUG::: tcp-before-lock sock =37
I (193994) GW_TCP_DEBUG::: tcp-after-lock sock =37
I (193994) GW_TCP_DEBUG::: tcp-loop start: sock: 37,  start_idx = 44,  rx_len = 44
I (194004) GW_TCP_SERVER: tcp-01-no new line in sock : 37, remain = 0
I (194014) GW_TCP_SERVER: tcp-03-01-compacting buffer : 0
W (194014) GW_TCP_SERVER: Client disconnected
I (194014) GW_TCP_SERVER: Closing client socket 37
W (194024) GW_TCP_SERVER: OTA Server disconnected
I (194444) GW_TCP_SERVER: Client connected, sock=37, ip=192.168.4.2, port=51777
I (194454) GW_TCP_SERVER: OTA Server socket set: 37
I (194454) GW_TCP_SERVER: TCP__10__tcp rx all raw data:  :: len = 44,  raw = {"msg_type": "hello", "role": "ota_server"}

7B 22 6D 73 67 5F 74 79 70 65 22 3A 20 22 68 65 6C 6C 6F 22 2C 20 22 72 6F 6C 65 22 3A 20 22 6F 74 61 5F 73 65 72 76 65 72 22 7D 0A 
I (194474) GW_TCP_DEBUG::: tcp-loop start: sock: 37,  start_idx = 0,  rx_len = 44
I (194484) GW_TCP_DEBUG::: tco-loop-new-line-found: line_end_idx= 43
I (194484) GW_TCP_SERVER: tcp-01-03json: sock =37 , msg_len = 43, json = {"msg_type": "hello", "role": "ota_server"} 
I (194494) GW_TCP_SERVER: tcp-01-04-Rx JSON from sock 37 :: {"msg_type": "hello", "role": "ota_server"}
I (194504) GW_TCP_SERVER: tcp-02-03-dispatching to msg_handler : sock = 37.  role = 1,  json= {"msg_type": "hello", "role": "ota_server"}
I (194514) GW_MSG_HANDLER: Processing message from sock 37 (role=1): {"msg_type": "hello", "role": "ota_server"}
I (194524) GW_MSG_HANDLER: OTA server hello received on sock 37
I (194534) GW_MSG_HANDLER: Msg_handler Finish parse for msg_type = hello
I (194544) GW_TCP_SERVER: tcp-02-04-msg dispatched continuing parse loop
W (194544) GW_TCP_DEBUG::: tcp-15-01-update last seen finish and lock
W (194554) GW_TCP_DEBUG::: tcp-35-01-time is 194554..
W (194554) GW_TCP_DEBUG::: tcp-15-02-update last seen finish and unlock
I (194564) GW_TCP_DEBUG::: tcp-before-lock sock =37
I (194564) GW_TCP_DEBUG::: tcp-after-lock sock =37
I (194574) GW_TCP_DEBUG::: tcp-loop start: sock: 37,  start_idx = 44,  rx_len = 44
I (194584) GW_TCP_SERVER: tcp-01-no new line in sock : 37, remain = 0
I (194584) GW_TCP_SERVER: tcp-03-01-compacting buffer : 0
I (196554) GW_TCP_SERVER: TCP__10__tcp rx all raw data:  :: len = 32,  raw = {"msg_type": "keep_alive_ack0"}

7B 22 6D 73 67 5F 74 79 70 65 22 3A 20 22 6B 65 65 70 5F 61 6C 69 76 65 5F 61 63 6B 30 22 7D 0A 
I (196564) GW_TCP_DEBUG::: tcp-loop start: sock: 37,  start_idx = 0,  rx_len = 32
I (196564) GW_TCP_DEBUG::: tco-loop-new-line-found: line_end_idx= 31
I (196574) GW_TCP_SERVER: tcp-01-03json: sock =37 , msg_len = 31, json = {"msg_type": "keep_alive_ack0"} 
I (196584) GW_TCP_SERVER: tcp-01-04-Rx JSON from sock 37 :: {"msg_type": "keep_alive_ack0"}
I (196594) GW_TCP_SERVER: tcp-02-03-dispatching to msg_handler : sock = 37.  role = 1,  json= {"msg_type": "keep_alive_ack0"}
I (196604) GW_MSG_HANDLER: Processing message from sock 37 (role=1): {"msg_type": "keep_alive_ack0"}
I (196614) GW_MSG_HANDLER: non known json data rxed.
I (196614) GW_MSG_HANDLER: Msg_handler Finish parse for msg_type = keep_alive_ack0
I (196624) GW_TCP_SERVER: tcp-02-04-msg dispatched continuing parse loop
W (196624) GW_TCP_DEBUG::: tcp-15-01-update last seen finish and lock
W (196634) GW_TCP_DEBUG::: tcp-35-01-time is 196634..
W (196644) GW_TCP_DEBUG::: tcp-15-02-update last seen finish and unlock
I (196644) GW_TCP_DEBUG::: tcp-before-lock sock =37
I (196654) GW_TCP_DEBUG::: tcp-after-lock sock =37
I (196654) GW_TCP_DEBUG::: tcp-loop start: sock: 37,  start_idx = 32,  rx_len = 32
I (196664) GW_TCP_SERVER: tcp-01-no new line in sock : 37, remain = 0
I (196664) GW_TCP_SERVER: tcp-03-01-compacting buffer : 0
I (201554) GW_TCP_SERVER: TCP__10__tcp rx all raw data:  :: len = 32,  raw = {"msg_type": "keep_alive_ack1"}

7B 22 6D 73 67 5F 74 79 70 65 22 3A 20 22 6B 65 65 70 5F 61 6C 69 76 65 5F 61 63 6B 31 22 7D 0A 
I (201564) GW_TCP_DEBUG::: tcp-loop start: sock: 37,  start_idx = 0,  rx_len = 32
I (201564) GW_TCP_DEBUG::: tco-loop-new-line-found: line_end_idx= 31
I (201574) GW_TCP_SERVER: tcp-01-03json: sock =37 , msg_len = 31, json = {"msg_type": "keep_alive_ack1"} 
I (201584) GW_TCP_SERVER: tcp-01-04-Rx JSON from sock 37 :: {"msg_type": "keep_alive_ack1"}
I (201594) GW_TCP_SERVER: tcp-02-03-dispatching to msg_handler : sock = 37.  role = 1,  json= {"msg_type": "keep_alive_ack1"}
I (201604) GW_MSG_HANDLER: Processing message from sock 37 (role=1): {"msg_type": "keep_alive_ack1"}
I (201614) GW_MSG_HANDLER: non known json data rxed.
I (201614) GW_MSG_HANDLER: Msg_handler Finish parse for msg_type = keep_alive_ack1
I (201624) GW_TCP_SERVER: tcp-02-04-msg dispatched continuing parse loop
W (201634) GW_TCP_DEBUG::: tcp-15-01-update last seen finish and lock
W (201634) GW_TCP_DEBUG::: tcp-35-01-time is 201634..
W (201644) GW_TCP_DEBUG::: tcp-15-02-update last seen finish and unlock
I (201644) GW_TCP_DEBUG::: tcp-before-lock sock =37
I (201654) GW_TCP_DEBUG::: tcp-after-lock sock =37
I (201654) GW_TCP_DEBUG::: tcp-loop start: sock: 37,  start_idx = 32,  rx_len = 32
I (201664) GW_TCP_SERVER: tcp-01-no new line in sock : 37, remain = 0
I (201664) GW_TCP_SERVER: tcp-03-01-compacting buffer : 0
I (206554) GW_TCP_SERVER: TCP__10__tcp rx all raw data:  :: len = 32,  raw = {"msg_type": "keep_alive_ack2"}

7B 22 6D 73 67 5F 74 79 70 65 22 3A 20 22 6B 65 65 70 5F 61 6C 69 76 65 5F 61 63 6B 32 22 7D 0A 
I (206564) GW_TCP_DEBUG::: tcp-loop start: sock: 37,  start_idx = 0,  rx_len = 32
I (206564) GW_TCP_DEBUG::: tco-loop-new-line-found: line_end_idx= 31
I (206574) GW_TCP_SERVER: tcp-01-03json: sock =37 , msg_len = 31, json = {"msg_type": "keep_alive_ack2"} 
I (206584) GW_TCP_SERVER: tcp-01-04-Rx JSON from sock 37 :: {"msg_type": "keep_alive_ack2"}
I (206594) GW_TCP_SERVER: tcp-02-03-dispatching to msg_handler : sock = 37.  role = 1,  json= {"msg_type": "keep_alive_ack2"}
I (206604) GW_MSG_HANDLER: Processing message from sock 37 (role=1): {"msg_type": "keep_alive_ack2"}
I (206614) GW_MSG_HANDLER: non known json data rxed.
I (206614) GW_MSG_HANDLER: Msg_handler Finish parse for msg_type = keep_alive_ack2
I (206624) GW_TCP_SERVER: tcp-02-04-msg dispatched continuing parse loop
W (206624) GW_TCP_DEBUG::: tcp-15-01-update last seen finish and lock
W (206634) GW_TCP_DEBUG::: tcp-35-01-time is 206634..
W (206634) GW_TCP_DEBUG::: tcp-15-02-update last seen finish and unlock
I (206644) GW_TCP_DEBUG::: tcp-before-lock sock =37
I (206654) GW_TCP_DEBUG::: tcp-after-lock sock =37
I (206654) GW_TCP_DEBUG::: tcp-loop start: sock: 37,  start_idx = 32,  rx_len = 32
I (206664) GW_TCP_SERVER: tcp-01-no new line in sock : 37, remain = 0
I (206664) GW_TCP_SERVER: tcp-03-01-compacting buffer : 0
I (211614) GW_TCP_SERVER: TCP__10__tcp rx all raw data:  :: len = 32,  raw = {"msg_type": "keep_alive_ack3"}

7B 22 6D 73 67 5F 74 79 70 65 22 3A 20 22 6B 65 65 70 5F 61 6C 69 76 65 5F 61 63 6B 33 22 7D 0A 
I (211624) GW_TCP_DEBUG::: tcp-loop start: sock: 37,  start_idx = 0,  rx_len = 32
I (211634) GW_TCP_DEBUG::: tco-loop-new-line-found: line_end_idx= 31
I (211634) GW_TCP_SERVER: tcp-01-03json: sock =37 , msg_len = 31, json = {"msg_type": "keep_alive_ack3"} 
I (211644) GW_TCP_SERVER: tcp-01-04-Rx JSON from sock 37 :: {"msg_type": "keep_alive_ack3"}
I (211654) GW_TCP_SERVER: tcp-02-03-dispatching to msg_handler : sock = 37.  role = 1,  json= {"msg_type": "keep_alive_ack3"}
I (211664) GW_MSG_HANDLER: Processing message from sock 37 (role=1): {"msg_type": "keep_alive_ack3"}
I (211674) GW_MSG_HANDLER: non known json data rxed.
I (211684) GW_MSG_HANDLER: Msg_handler Finish parse for msg_type = keep_alive_ack3
I (211684) GW_TCP_SERVER: tcp-02-04-msg dispatched continuing parse loop
W (211694) GW_TCP_DEBUG::: tcp-15-01-update last seen finish and lock
W (211704) GW_TCP_DEBUG::: tcp-35-01-time is 211704..
W (211704) GW_TCP_DEBUG::: tcp-15-02-update last seen finish and unlock
I (211714) GW_TCP_DEBUG::: tcp-before-lock sock =37
I (211714) GW_TCP_DEBUG::: tcp-after-lock sock =37
I (211724) GW_TCP_DEBUG::: tcp-loop start: sock: 37,  start_idx = 32,  rx_len = 32
I (211724) GW_TCP_SERVER: tcp-01-no new line in sock : 37, remain = 0
I (211734) GW_TCP_SERVER: tcp-03-01-compacting buffer : 0
I (212374) wifi:station: a4:5e:60:c5:69:75 leave, AID = 1, reason = 8, bss_flags is 691299, bss:0x3c0d0da8
I (212374) wifi:new:<1,0>, old:<1,0>, ap:<1,0>, sta:<255,255>, prof:1, snd_ch_cfg:0x0
I (212384) wifi:<ba-del>idx:3, tid:0
I (212384) wifi:<ba-del>idx:4, tid:1
I (212394) wifi:<ba-del>idx:2, tid:6
I (212404) wifi:new:<1,1>, old:<1,0>, ap:<1,1>, sta:<255,255>, prof:1, snd_ch_cfg:0x0
E (236944) GW_TCP_SERVER: recv failed: errno 113
I (236944) GW_TCP_SERVER: Closing client socket 37
W (236944) GW_TCP_SERVER: OTA Server disconnected
I (236944) GW_TCP_SERVER: Client connected, sock=37, ip=192.168.4.2, port=51778
I (236954) GW_TCP_SERVER: OTA Server socket set: 37
I (236954) GW_TCP_SERVER: TCP__10__tcp rx all raw data:  :: len = 44,  raw = {"msg_type": "hello", "role": "ota_server"}

7B 22 6D 73 67 5F 74 79 70 65 22 3A 20 22 68 65 6C 6C 6F 22 2C 20 22 72 6F 6C 65 22 3A 20 22 6F 74 61 5F 73 65 72 76 65 72 22 7D 0A 
I (236974) GW_TCP_DEBUG::: tcp-loop start: sock: 37,  start_idx = 0,  rx_len = 44
I (236984) GW_TCP_DEBUG::: tco-loop-new-line-found: line_end_idx= 43
I (236994) GW_TCP_SERVER: tcp-01-03json: sock =37 , msg_len = 43, json = {"msg_type": "hello", "role": "ota_server"} 
I (237004) GW_TCP_SERVER: tcp-01-04-Rx JSON from sock 37 :: {"msg_type": "hello", "role": "ota_server"}
I (237014) GW_TCP_SERVER: tcp-02-03-dispatching to msg_handler : sock = 37.  role = 1,  json= {"msg_type": "hello", "role": "ota_server"}
I (237024) GW_MSG_HANDLER: Processing message from sock 37 (role=1): {"msg_type": "hello", "role": "ota_server"}
I (237034) GW_MSG_HANDLER: OTA server hello received on sock 37
I (237034) GW_MSG_HANDLER: Msg_handler Finish parse for msg_type = hello
I (237044) GW_TCP_SERVER: tcp-02-04-msg dispatched continuing parse loop
W (237054) GW_TCP_DEBUG::: tcp-15-01-update last seen finish and lock
W (237054) GW_TCP_DEBUG::: tcp-35-01-time is 237054..
W (237064) GW_TCP_DEBUG::: tcp-15-02-update last seen finish and unlock
I (237064) GW_TCP_DEBUG::: tcp-before-lock sock =37
I (237074) GW_TCP_DEBUG::: tcp-after-lock sock =37
I (237074) GW_TCP_DEBUG::: tcp-loop start: sock: 37,  start_idx = 44,  rx_len = 44
I (237084) GW_TCP_SERVER: tcp-01-no new line in sock : 37, remain = 0
I (237094) GW_TCP_SERVER: tcp-03-01-compacting buffer : 0
E (237444) GW_TCP_SERVER: recv failed: errno 113
I (237444) GW_TCP_SERVER: Closing client socket 37
W (237444) GW_TCP_SERVER: OTA Server disconnected
I (303444) wifi:new:<1,1>, old:<1,1>, ap:<1,1>, sta:<255,255>, prof:1, snd_ch_cfg:0x0
I (303444) wifi:station: 5c:5f:67:ed:16:1a join, AID=1, bgn, 40U
I (303644) esp_netif_lwip: DHCP server assigned IP to a client, IP is: 192.168.4.4
I (305014) wifi:<ba-add>idx:2 (ifx:1, 5c:5f:67:ed:16:1a), tid:0, ssn:73, winSize:64
I (308554) GW_TCP_SERVER: Client connected, sock=37, ip=192.168.4.4, port=55124
I (308554) GW_TCP_SERVER: OTA Server socket set: 37
I (311554) GW_TCP_SERVER: TCP__10__tcp rx all raw data:  :: len = 32,  raw = {"msg_type": "keep_alive_ack0"}

7B 22 6D 73 67 5F 74 79 70 65 22 3A 20 22 6B 65 65 70 5F 61 6C 69 76 65 5F 61 63 6B 30 22 7D 0A 
I (311564) GW_TCP_DEBUG::: tcp-loop start: sock: 37,  start_idx = 0,  rx_len = 32
I (311564) GW_TCP_DEBUG::: tco-loop-new-line-found: line_end_idx= 31
I (311574) GW_TCP_SERVER: tcp-01-03json: sock =37 , msg_len = 31, json = {"msg_type": "keep_alive_ack0"} 
I (311584) GW_TCP_SERVER: tcp-01-04-Rx JSON from sock 37 :: {"msg_type": "keep_alive_ack0"}
I (311594) GW_TCP_SERVER: tcp-02-03-dispatching to msg_handler : sock = 37.  role = 1,  json= {"msg_type": "keep_alive_ack0"}
I (311604) GW_MSG_HANDLER: Processing message from sock 37 (role=1): {"msg_type": "keep_alive_ack0"}
I (311614) GW_MSG_HANDLER: non known json data rxed.
I (311614) GW_MSG_HANDLER: Msg_handler Finish parse for msg_type = keep_alive_ack0
I (311624) GW_TCP_SERVER: tcp-02-04-msg dispatched continuing parse loop
W (311634) GW_TCP_DEBUG::: tcp-15-01-update last seen finish and lock
W (311634) GW_TCP_DEBUG::: tcp-35-01-time is 311634..
W (311644) GW_TCP_DEBUG::: tcp-15-02-update last seen finish and unlock
I (311644) GW_TCP_DEBUG::: tcp-before-lock sock =37
I (311654) GW_TCP_DEBUG::: tcp-after-lock sock =37
I (311654) GW_TCP_DEBUG::: tcp-loop start: sock: 37,  start_idx = 32,  rx_len = 32
I (311664) GW_TCP_SERVER: tcp-01-no new line in sock : 37, remain = 0
I (311674) GW_TCP_SERVER: tcp-03-01-compacting buffer : 0
I (316644) GW_TCP_SERVER: TCP__10__tcp rx all raw data:  :: len = 32,  raw = {"msg_type": "keep_alive_ack1"}

7B 22 6D 73 67 5F 74 79 70 65 22 3A 20 22 6B 65 65 70 5F 61 6C 69 76 65 5F 61 63 6B 31 22 7D 0A 
I (316654) GW_TCP_DEBUG::: tcp-loop start: sock: 37,  start_idx = 0,  rx_len = 32
I (316664) GW_TCP_DEBUG::: tco-loop-new-line-found: line_end_idx= 31
I (316664) GW_TCP_SERVER: tcp-01-03json: sock =37 , msg_len = 31, json = {"msg_type": "keep_alive_ack1"} 
I (316674) GW_TCP_SERVER: tcp-01-04-Rx JSON from sock 37 :: {"msg_type": "keep_alive_ack1"}
I (316684) GW_TCP_SERVER: tcp-02-03-dispatching to msg_handler : sock = 37.  role = 1,  json= {"msg_type": "keep_alive_ack1"}
I (316694) GW_MSG_HANDLER: Processing message from sock 37 (role=1): {"msg_type": "keep_alive_ack1"}
I (316704) GW_MSG_HANDLER: non known json data rxed.
I (316714) GW_MSG_HANDLER: Msg_handler Finish parse for msg_type = keep_alive_ack1
I (316714) GW_TCP_SERVER: tcp-02-04-msg dispatched continuing parse loop
W (316724) GW_TCP_DEBUG::: tcp-15-01-update last seen finish and lock
W (316734) GW_TCP_DEBUG::: tcp-35-01-time is 316734..
W (316734) GW_TCP_DEBUG::: tcp-15-02-update last seen finish and unlock
I (316744) GW_TCP_DEBUG::: tcp-before-lock sock =37
I (316744) GW_TCP_DEBUG::: tcp-after-lock sock =37
I (316754) GW_TCP_DEBUG::: tcp-loop start: sock: 37,  start_idx = 32,  rx_len = 32
I (316754) GW_TCP_SERVER: tcp-01-no new line in sock : 37, remain = 0
I (316764) GW_TCP_SERVER: tcp-03-01-compacting buffer : 0
I (317084) GW_TCP_SERVER: TCP__10__tcp rx all raw data:  :: len = 256,  raw = {"msg_type": "ota_task", "task_id": "20251212_124606_758", "device_name": "Veh1_SCM1", "client_id": "758", "version": "v2.2.0", "firmware_url": "https://192.168.4.4:8080/firmware/ota_client_v2.2.0.bin", "timestamp": "20251212_124606", "status": "pending"}

7B 22 6D 73 67 5F 74 79 70 65 22 3A 20 22 6F 74 61 5F 74 61 73 6B 22 2C 20 22 74 61 73 6B 5F 69 64 22 3A 20 22 32 30 32 35 31 32 31 32 5F 31 32 34 36 30 36 5F 37 35 38 22 2C 20 22 64 65 76 69 63 65 5F 6E 61 6D 65 22 3A 20 22 56 65 68 31 5F 53 43 4D 31 22 2C 20 22 63 6C 69 65 6E 74 5F 69 64 22 3A 20 22 37 35 38 22 2C 20 22 76 65 72 73 69 6F 6E 22 3A 20 22 76 32 2E 32 2E 30 22 2C 20 22 66 69 72 6D 77 61 72 65 5F 75 72 6C 22 3A 20 22 68 74 74 70 73 3A 2F 2F 31 39 32 2E 31 36 38 2E 34 2E 34 3A 38 30 38 30 2F 66 69 72 6D 77 61 72 65 2F 6F 74 61 5F 63 6C 69 65 6E 74 5F 76 32 2E 32 2E 30 2E 62 69 6E 22 2C 20 22 74 69 6D 65 73 74 61 6D 70 22 3A 20 22 32 30 32 35 31 32 31 32 5F 31 32 34 36 30 36 22 2C 20 22 73 74 61 74 75 73 22 3A 20 22 70 65 6E 64 69 6E 67 22 7D 0A 
I (317164) GW_TCP_DEBUG::: tcp-loop start: sock: 37,  start_idx = 0,  rx_len = 256
I (317174) GW_TCP_DEBUG::: tco-loop-new-line-found: line_end_idx= 255
I (317184) GW_TCP_SERVER: tcp-01-03json: sock =37 , msg_len = 255, json = {"msg_type": "ota_task", "task_id": "20251212_124606_758", "device_name": "Veh1_SCM1", "client_id": "758", "version": "v2.2.0", "firmware_url": "https://192.168.4.4:8080/firmware/ota_client_v2.2.0.bin", "timestamp": "20251212_124606", "status": "pending"} 
I (317204) GW_TCP_SERVER: tcp-01-04-Rx JSON from sock 37 :: {"msg_type": "ota_task", "task_id": "20251212_124606_758", "device_name": "Veh1_SCM1", "client_id": "758", "version": "v2.2.0", "firmware_url": "https://192.168.4.4:8080/firmware/ota_client_v2.2.0.bin", "timestamp": "20251212_124606", "status": "pending"}
I (317234) GW_TCP_SERVER: tcp-02-03-dispatching to msg_handler : sock = 37.  role = 1,  json= {"msg_type": "ota_task", "task_id": "20251212_124606_758", "device_name": "Veh1_SCM1", "client_id": "758", "version": "v2.2.0", "firmware_url": "https://192.168.4.4:8080/firmware/ota_client_v2.2.0.bin", "timestamp": "20251212_124606", "status": "pending"}
I (317264) GW_MSG_HANDLER: Processing message from sock 37 (role=1): {"msg_type": "ota_task", "task_id": "20251212_124606_758", "device_name": "Veh1_SCM1", "client_id": "758", "version": "v2.2.0", "firmware_url": "https://192.168.4.4:8080/firmware/ota_client_v2.2.0.bin", "timestamp": "20251212_124606", "status": "pending"}
I (317294) GW_MSG_HANDLER: GW Rx ota task, schedule delay dispatch to otaapp 
I (317304) OTA_APP_MGMT: New Task [20251212_124606_758] created in Queue, wait for User response 
I (317314) GW_MSG_HANDLER: Msg_handler Finish parse for msg_type = ota_task
I (317314) GW_TCP_SERVER: tcp-02-04-msg dispatched continuing parse loop
W (317324) GW_TCP_DEBUG::: tcp-15-01-update last seen finish and lock
W (317324) GW_TCP_DEBUG::: tcp-35-01-time is 317324..
W (317334) GW_TCP_DEBUG::: tcp-15-02-update last seen finish and unlock
I (317344) GW_TCP_DEBUG::: tcp-before-lock sock =37
I (317344) GW_TCP_DEBUG::: tcp-after-lock sock =37
I (317354) GW_TCP_DEBUG::: tcp-loop start: sock: 37,  start_idx = 256,  rx_len = 256
I (317354) GW_TCP_SERVER: tcp-01-no new line in sock : 37, remain = 0
I (317364) GW_TCP_SERVER: tcp-03-01-compacting buffer : 0
I (321554) GW_TCP_SERVER: TCP__10__tcp rx all raw data:  :: len = 32,  raw = {"msg_type": "keep_alive_ack2"}

7B 22 6D 73 67 5F 74 79 70 65 22 3A 20 22 6B 65 65 70 5F 61 6C 69 76 65 5F 61 63 6B 32 22 7D 0A 
I (321564) GW_TCP_DEBUG::: tcp-loop start: sock: 37,  start_idx = 0,  rx_len = 32
I (321564) GW_TCP_DEBUG::: tco-loop-new-line-found: line_end_idx= 31
I (321574) GW_TCP_SERVER: tcp-01-03json: sock =37 , msg_len = 31, json = {"msg_type": "keep_alive_ack2"} 
I (321584) GW_TCP_SERVER: tcp-01-04-Rx JSON from sock 37 :: {"msg_type": "keep_alive_ack2"}
I (321594) GW_TCP_SERVER: tcp-02-03-dispatching to msg_handler : sock = 37.  role = 1,  json= {"msg_type": "keep_alive_ack2"}
I (321604) GW_MSG_HANDLER: Processing message from sock 37 (role=1): {"msg_type": "keep_alive_ack2"}
I (321614) GW_MSG_HANDLER: non known json data rxed.
I (321614) GW_MSG_HANDLER: Msg_handler Finish parse for msg_type = keep_alive_ack2
I (321624) GW_TCP_SERVER: tcp-02-04-msg dispatched continuing parse loop
W (321624) GW_TCP_DEBUG::: tcp-15-01-update last seen finish and lock
W (321634) GW_TCP_DEBUG::: tcp-35-01-time is 321634..
W (321644) GW_TCP_DEBUG::: tcp-15-02-update last seen finish and unlock
I (321644) GW_TCP_DEBUG::: tcp-before-lock sock =37
I (321654) GW_TCP_DEBUG::: tcp-after-lock sock =37
I (321654) GW_TCP_DEBUG::: tcp-loop start: sock: 37,  start_idx = 32,  rx_len = 32
I (321664) GW_TCP_SERVER: tcp-01-no new line in sock : 37, remain = 0
I (321664) GW_TCP_SERVER: tcp-03-01-compacting buffer : 0
I (326554) GW_TCP_SERVER: TCP__10__tcp rx all raw data:  :: len = 32,  raw = {"msg_type": "keep_alive_ack3"}

7B 22 6D 73 67 5F 74 79 70 65 22 3A 20 22 6B 65 65 70 5F 61 6C 69 76 65 5F 61 63 6B 33 22 7D 0A 
I (326564) GW_TCP_DEBUG::: tcp-loop start: sock: 37,  start_idx = 0,  rx_len = 32
I (326564) GW_TCP_DEBUG::: tco-loop-new-line-found: line_end_idx= 31
I (326574) GW_TCP_SERVER: tcp-01-03json: sock =37 , msg_len = 31, json = {"msg_type": "keep_alive_ack3"} 
I (326584) GW_TCP_SERVER: tcp-01-04-Rx JSON from sock 37 :: {"msg_type": "keep_alive_ack3"}
I (326594) GW_TCP_SERVER: tcp-02-03-dispatching to msg_handler : sock = 37.  role = 1,  json= {"msg_type": "keep_alive_ack3"}
I (326604) GW_MSG_HANDLER: Processing message from sock 37 (role=1): {"msg_type": "keep_alive_ack3"}
I (326614) GW_MSG_HANDLER: non known json data rxed.
I (326614) GW_MSG_HANDLER: Msg_handler Finish parse for msg_type = keep_alive_ack3
I (326624) GW_TCP_SERVER: tcp-02-04-msg dispatched continuing parse loop
W (326634) GW_TCP_DEBUG::: tcp-15-01-update last seen finish and lock
W (326634) GW_TCP_DEBUG::: tcp-35-01-time is 326634..
W (326644) GW_TCP_DEBUG::: tcp-15-02-update last seen finish and unlock
I (326644) GW_TCP_DEBUG::: tcp-before-lock sock =37
I (326654) GW_TCP_DEBUG::: tcp-after-lock sock =37
I (326654) GW_TCP_DEBUG::: tcp-loop start: sock: 37,  start_idx = 32,  rx_len = 32
I (326664) GW_TCP_SERVER: tcp-01-no new line in sock : 37, remain = 0
I (326674) GW_TCP_SERVER: tcp-03-01-compacting buffer : 0
I (331594) GW_TCP_SERVER: TCP__10__tcp rx all raw data:  :: len = 32,  raw = {"msg_type": "keep_alive_ack4"}

7B 22 6D 73 67 5F 74 79 70 65 22 3A 20 22 6B 65 65 70 5F 61 6C 69 76 65 5F 61 63 6B 34 22 7D 0A 
I (331604) GW_TCP_DEBUG::: tcp-loop start: sock: 37,  start_idx = 0,  rx_len = 32
I (331614) GW_TCP_DEBUG::: tco-loop-new-line-found: line_end_idx= 31
I (331614) GW_TCP_SERVER: tcp-01-03json: sock =37 , msg_len = 31, json = {"msg_type": "keep_alive_ack4"} 
I (331624) GW_TCP_SERVER: tcp-01-04-Rx JSON from sock 37 :: {"msg_type": "keep_alive_ack4"}
I (331634) GW_TCP_SERVER: tcp-02-03-dispatching to msg_handler : sock = 37.  role = 1,  json= {"msg_type": "keep_alive_ack4"}
I (331644) GW_MSG_HANDLER: Processing message from sock 37 (role=1): {"msg_type": "keep_alive_ack4"}
I (331654) GW_MSG_HANDLER: non known json data rxed.
I (331664) GW_MSG_HANDLER: Msg_handler Finish parse for msg_type = keep_alive_ack4
I (331664) GW_TCP_SERVER: tcp-02-04-msg dispatched continuing parse loop
W (331674) GW_TCP_DEBUG::: tcp-15-01-update last seen finish and lock
W (331684) GW_TCP_DEBUG::: tcp-35-01-time is 331684..
W (331684) GW_TCP_DEBUG::: tcp-15-02-update last seen finish and unlock
I (331694) GW_TCP_DEBUG::: tcp-before-lock sock =37
I (331694) GW_TCP_DEBUG::: tcp-after-lock sock =37
I (331704) GW_TCP_DEBUG::: tcp-loop start: sock: 37,  start_idx = 32,  rx_len = 32
I (331704) GW_TCP_SERVER: tcp-01-no new line in sock : 37, remain = 0
I (331714) GW_TCP_SERVER: tcp-03-01-compacting buffer : 0
I (336554) GW_TCP_SERVER: TCP__10__tcp rx all raw data:  :: len = 32,  raw = {"msg_type": "keep_alive_ack5"}

7B 22 6D 73 67 5F 74 79 70 65 22 3A 20 22 6B 65 65 70 5F 61 6C 69 76 65 5F 61 63 6B 35 22 7D 0A 
I (336564) GW_TCP_DEBUG::: tcp-loop start: sock: 37,  start_idx = 0,  rx_len = 32
I (336574) GW_TCP_DEBUG::: tco-loop-new-line-found: line_end_idx= 31
I (336574) GW_TCP_SERVER: tcp-01-03json: sock =37 , msg_len = 31, json = {"msg_type": "keep_alive_ack5"} 
I (336584) GW_TCP_SERVER: tcp-01-04-Rx JSON from sock 37 :: {"msg_type": "keep_alive_ack5"}
I (336594) GW_TCP_SERVER: tcp-02-03-dispatching to msg_handler : sock = 37.  role = 1,  json= {"msg_type": "keep_alive_ack5"}
I (336604) GW_MSG_HANDLER: Processing message from sock 37 (role=1): {"msg_type": "keep_alive_ack5"}
I (336614) GW_MSG_HANDLER: non known json data rxed.
I (336624) GW_MSG_HANDLER: Msg_handler Finish parse for msg_type = keep_alive_ack5
I (336624) GW_TCP_SERVER: tcp-02-04-msg dispatched continuing parse loop
W (336634) GW_TCP_DEBUG::: tcp-15-01-update last seen finish and lock
W (336644) GW_TCP_DEBUG::: tcp-35-01-time is 336644..
W (336644) GW_TCP_DEBUG::: tcp-15-02-update last seen finish and unlock
I (336654) GW_TCP_DEBUG::: tcp-before-lock sock =37
I (336654) GW_TCP_DEBUG::: tcp-after-lock sock =37
I (336664) GW_TCP_DEBUG::: tcp-loop start: sock: 37,  start_idx = 32,  rx_len = 32
I (336664) GW_TCP_SERVER: tcp-01-no new line in sock : 37, remain = 0
I (336674) GW_TCP_SERVER: tcp-03-01-compacting buffer : 0
I (341634) GW_TCP_SERVER: TCP__10__tcp rx all raw data:  :: len = 32,  raw = {"msg_type": "keep_alive_ack6"}

7B 22 6D 73 67 5F 74 79 70 65 22 3A 20 22 6B 65 65 70 5F 61 6C 69 76 65 5F 61 63 6B 36 22 7D 0A 
I (341644) GW_TCP_DEBUG::: tcp-loop start: sock: 37,  start_idx = 0,  rx_len = 32
I (341644) GW_TCP_DEBUG::: tco-loop-new-line-found: line_end_idx= 31
I (341654) GW_TCP_SERVER: tcp-01-03json: sock =37 , msg_len = 31, json = {"msg_type": "keep_alive_ack6"} 
I (341664) GW_TCP_SERVER: tcp-01-04-Rx JSON from sock 37 :: {"msg_type": "keep_alive_ack6"}
I (341674) GW_TCP_SERVER: tcp-02-03-dispatching to msg_handler : sock = 37.  role = 1,  json= {"msg_type": "keep_alive_ack6"}
I (341684) GW_MSG_HANDLER: Processing message from sock 37 (role=1): {"msg_type": "keep_alive_ack6"}
I (341694) GW_MSG_HANDLER: non known json data rxed.
I (341694) GW_MSG_HANDLER: Msg_handler Finish parse for msg_type = keep_alive_ack6
I (341704) GW_TCP_SERVER: tcp-02-04-msg dispatched continuing parse loop
W (341704) GW_TCP_DEBUG::: tcp-15-01-update last seen finish and lock
W (341714) GW_TCP_DEBUG::: tcp-35-01-time is 341714..
W (341724) GW_TCP_DEBUG::: tcp-15-02-update last seen finish and unlock
I (341724) GW_TCP_DEBUG::: tcp-before-lock sock =37
I (341734) GW_TCP_DEBUG::: tcp-after-lock sock =37
I (341734) GW_TCP_DEBUG::: tcp-loop start: sock: 37,  start_idx = 32,  rx_len = 32
I (341744) GW_TCP_SERVER: tcp-01-no new line in sock : 37, remain = 0
I (341744) GW_TCP_SERVER: tcp-03-01-compacting buffer : 0
W (345254) OTA_APP_MGMT: Client 758 not found or offline
I (345254) OTA_APP_MGMT:  [20251212_124606_758] init OTA progress for client = 
I (345254) WEB_OTAGW: User have response to task: 20251212_124606_758
I (346554) GW_TCP_SERVER: TCP__10__tcp rx all raw data:  :: len = 32,  raw = {"msg_type": "keep_alive_ack7"}

7B 22 6D 73 67 5F 74 79 70 65 22 3A 20 22 6B 65 65 70 5F 61 6C 69 76 65 5F 61 63 6B 37 22 7D 0A 
I (346564) GW_TCP_DEBUG::: tcp-loop start: sock: 37,  start_idx = 0,  rx_len = 32
I (346564) GW_TCP_DEBUG::: tco-loop-new-line-found: line_end_idx= 31
I (346574) GW_TCP_SERVER: tcp-01-03json: sock =37 , msg_len = 31, json = {"msg_type": "keep_alive_ack7"} 
I (346584) GW_TCP_SERVER: tcp-01-04-Rx JSON from sock 37 :: {"msg_type": "keep_alive_ack7"}
I (346594) GW_TCP_SERVER: tcp-02-03-dispatching to msg_handler : sock = 37.  role = 1,  json= {"msg_type": "keep_alive_ack7"}
I (346604) GW_MSG_HANDLER: Processing message from sock 37 (role=1): {"msg_type": "keep_alive_ack7"}
I (346614) GW_MSG_HANDLER: non known json data rxed.
I (346614) GW_MSG_HANDLER: Msg_handler Finish parse for msg_type = keep_alive_ack7
I (346624) GW_TCP_SERVER: tcp-02-04-msg dispatched continuing parse loop
W (346624) GW_TCP_DEBUG::: tcp-15-01-update last seen finish and lock
W (346634) GW_TCP_DEBUG::: tcp-35-01-time is 346634..
W (346644) GW_TCP_DEBUG::: tcp-15-02-update last seen finish and unlock
I (346644) GW_TCP_DEBUG::: tcp-before-lock sock =37
I (346654) GW_TCP_DEBUG::: tcp-after-lock sock =37
I (346654) GW_TCP_DEBUG::: tcp-loop start: sock: 37,  start_idx = 32,  rx_len = 32
I (346664) GW_TCP_SERVER: tcp-01-no new line in sock : 37, remain = 0
I (346664) GW_TCP_SERVER: tcp-03-01-compacting buffer : 0
I (351554) GW_TCP_SERVER: TCP__10__tcp rx all raw data:  :: len = 32,  raw = {"msg_type": "keep_alive_ack8"}

7B 22 6D 73 67 5F 74 79 70 65 22 3A 20 22 6B 65 65 70 5F 61 6C 69 76 65 5F 61 63 6B 38 22 7D 0A 
I (351564) GW_TCP_DEBUG::: tcp-loop start: sock: 37,  start_idx = 0,  rx_len = 32
I (351574) GW_TCP_DEBUG::: tco-loop-new-line-found: line_end_idx= 31
I (351574) GW_TCP_SERVER: tcp-01-03json: sock =37 , msg_len = 31, json = {"msg_type": "keep_alive_ack8"} 
I (351584) GW_TCP_SERVER: tcp-01-04-Rx JSON from sock 37 :: {"msg_type": "keep_alive_ack8"}
I (351594) GW_TCP_SERVER: tcp-02-03-dispatching to msg_handler : sock = 37.  role = 1,  json= {"msg_type": "keep_alive_ack8"}
I (351604) GW_MSG_HANDLER: Processing message from sock 37 (role=1): {"msg_type": "keep_alive_ack8"}
I (351614) GW_MSG_HANDLER: non known json data rxed.
I (351624) GW_MSG_HANDLER: Msg_handler Finish parse for msg_type = keep_alive_ack8
I (351624) GW_TCP_SERVER: tcp-02-04-msg dispatched continuing parse loop
W (351634) GW_TCP_DEBUG::: tcp-15-01-update last seen finish and lock
W (351644) GW_TCP_DEBUG::: tcp-35-01-time is 351644..
W (351644) GW_TCP_DEBUG::: tcp-15-02-update last seen finish and unlock
I (351654) GW_TCP_DEBUG::: tcp-before-lock sock =37
I (351654) GW_TCP_DEBUG::: tcp-after-lock sock =37
I (351664) GW_TCP_DEBUG::: tcp-loop start: sock: 37,  start_idx = 32,  rx_len = 32
I (351664) GW_TCP_SERVER: tcp-01-no new line in sock : 37, remain = 0
I (351674) GW_TCP_SERVER: tcp-03-01-compacting buffer : 0
I (356554) GW_TCP_SERVER: TCP__10__tcp rx all raw data:  :: len = 32,  raw = {"msg_type": "keep_alive_ack9"}

7B 22 6D 73 67 5F 74 79 70 65 22 3A 20 22 6B 65 65 70 5F 61 6C 69 76 65 5F 61 63 6B 39 22 7D 0A 
I (356564) GW_TCP_DEBUG::: tcp-loop start: sock: 37,  start_idx = 0,  rx_len = 32
I (356564) GW_TCP_DEBUG::: tco-loop-new-line-found: line_end_idx= 31
I (356574) GW_TCP_SERVER: tcp-01-03json: sock =37 , msg_len = 31, json = {"msg_type": "keep_alive_ack9"} 
I (356584) GW_TCP_SERVER: tcp-01-04-Rx JSON from sock 37 :: {"msg_type": "keep_alive_ack9"}
I (356594) GW_TCP_SERVER: tcp-02-03-dispatching to msg_handler : sock = 37.  role = 1,  json= {"msg_type": "keep_alive_ack9"}
I (356604) GW_MSG_HANDLER: Processing message from sock 37 (role=1): {"msg_type": "keep_alive_ack9"}
I (356614) GW_MSG_HANDLER: non known json data rxed.
I (356614) GW_MSG_HANDLER: Msg_handler Finish parse for msg_type = keep_alive_ack9
I (356624) GW_TCP_SERVER: tcp-02-04-msg dispatched continuing parse loop
W (356634) GW_TCP_DEBUG::: tcp-15-01-update last seen finish and lock
W (356634) GW_TCP_DEBUG::: tcp-35-01-time is 356634..
W (356644) GW_TCP_DEBUG::: tcp-15-02-update last seen finish and unlock
I (356644) GW_TCP_DEBUG::: tcp-before-lock sock =37
I (356654) GW_TCP_DEBUG::: tcp-after-lock sock =37
I (356654) GW_TCP_DEBUG::: tcp-loop start: sock: 37,  start_idx = 32,  rx_len = 32
I (356664) GW_TCP_SERVER: tcp-01-no new line in sock : 37, remain = 0
I (356674) GW_TCP_SERVER: tcp-03-01-compacting buffer : 0
I (361564) GW_TCP_SERVER: TCP__10__tcp rx all raw data:  :: len = 33,  raw = {"msg_type": "keep_alive_ack10"}

7B 22 6D 73 67 5F 74 79 70 65 22 3A 20 22 6B 65 65 70 5F 61 6C 69 76 65 5F 61 63 6B 31 30 22 7D 0A 
I (361574) GW_TCP_DEBUG::: tcp-loop start: sock: 37,  start_idx = 0,  rx_len = 33
I (361584) GW_TCP_DEBUG::: tco-loop-new-line-found: line_end_idx= 32
I (361584) GW_TCP_SERVER: tcp-01-03json: sock =37 , msg_len = 32, json = {"msg_type": "keep_alive_ack10"} 
I (361594) GW_TCP_SERVER: tcp-01-04-Rx JSON from sock 37 :: {"msg_type": "keep_alive_ack10"}
I (361604) GW_TCP_SERVER: tcp-02-03-dispatching to msg_handler : sock = 37.  role = 1,  json= {"msg_type": "keep_alive_ack10"}
I (361614) GW_MSG_HANDLER: Processing message from sock 37 (role=1): {"msg_type": "keep_alive_ack10"}
I (361624) GW_MSG_HANDLER: non known json data rxed.
I (361634) GW_MSG_HANDLER: Msg_handler Finish parse for msg_type = keep_alive_ack10
I (361634) GW_TCP_SERVER: tcp-02-04-msg dispatched continuing parse loop
W (361644) GW_TCP_DEBUG::: tcp-15-01-update last seen finish and lock
W (361654) GW_TCP_DEBUG::: tcp-35-01-time is 361654..
W (361654) GW_TCP_DEBUG::: tcp-15-02-update last seen finish and unlock
I (361664) GW_TCP_DEBUG::: tcp-before-lock sock =37
I (361664) GW_TCP_DEBUG::: tcp-after-lock sock =37
I (361674) GW_TCP_DEBUG::: tcp-loop start: sock: 37,  start_idx = 33,  rx_len = 33
I (361674) GW_TCP_SERVER: tcp-01-no new line in sock : 37, remain = 0
I (361684) GW_TCP_SERVER: tcp-03-01-compacting buffer : 0
I (366564) GW_TCP_SERVER: TCP__10__tcp rx all raw data:  :: len = 33,  raw = {"msg_type": "keep_alive_ack11"}

7B 22 6D 73 67 5F 74 79 70 65 22 3A 20 22 6B 65 65 70 5F 61 6C 69 76 65 5F 61 63 6B 31 31 22 7D 0A 
I (366574) GW_TCP_DEBUG::: tcp-loop start: sock: 37,  start_idx = 0,  rx_len = 33
I (366574) GW_TCP_DEBUG::: tco-loop-new-line-found: line_end_idx= 32
I (366584) GW_TCP_SERVER: tcp-01-03json: sock =37 , msg_len = 32, json = {"msg_type": "keep_alive_ack11"} 
I (366594) GW_TCP_SERVER: tcp-01-04-Rx JSON from sock 37 :: {"msg_type": "keep_alive_ack11"}
I (366604) GW_TCP_SERVER: tcp-02-03-dispatching to msg_handler : sock = 37.  role = 1,  json= {"msg_type": "keep_alive_ack11"}
I (366614) GW_MSG_HANDLER: Processing message from sock 37 (role=1): {"msg_type": "keep_alive_ack11"}
I (366624) GW_MSG_HANDLER: non known json data rxed.
I (366624) GW_MSG_HANDLER: Msg_handler Finish parse for msg_type = keep_alive_ack11
I (366634) GW_TCP_SERVER: tcp-02-04-msg dispatched continuing parse loop
W (366644) GW_TCP_DEBUG::: tcp-15-01-update last seen finish and lock
W (366644) GW_TCP_DEBUG::: tcp-35-01-time is 366644..
W (366654) GW_TCP_DEBUG::: tcp-15-02-update last seen finish and unlock
I (366654) GW_TCP_DEBUG::: tcp-before-lock sock =37
I (366664) GW_TCP_DEBUG::: tcp-after-lock sock =37
I (366664) GW_TCP_DEBUG::: tcp-loop start: sock: 37,  start_idx = 33,  rx_len = 33
I (366674) GW_TCP_SERVER: tcp-01-no new line in sock : 37, remain = 0
I (366684) GW_TCP_SERVER: tcp-03-01-compacting buffer : 0
I (371554) GW_TCP_SERVER: TCP__10__tcp rx all raw data:  :: len = 33,  raw = {"msg_type": "keep_alive_ack12"}

7B 22 6D 73 67 5F 74 79 70 65 22 3A 20 22 6B 65 65 70 5F 61 6C 69 76 65 5F 61 63 6B 31 32 22 7D 0A 
I (371564) GW_TCP_DEBUG::: tcp-loop start: sock: 37,  start_idx = 0,  rx_len = 33
I (371574) GW_TCP_DEBUG::: tco-loop-new-line-found: line_end_idx= 32
I (371574) GW_TCP_SERVER: tcp-01-03json: sock =37 , msg_len = 32, json = {"msg_type": "keep_alive_ack12"} 
I (371584) GW_TCP_SERVER: tcp-01-04-Rx JSON from sock 37 :: {"msg_type": "keep_alive_ack12"}
I (371594) GW_TCP_SERVER: tcp-02-03-dispatching to msg_handler : sock = 37.  role = 1,  json= {"msg_type": "keep_alive_ack12"}
I (371604) GW_MSG_HANDLER: Processing message from sock 37 (role=1): {"msg_type": "keep_alive_ack12"}
I (371614) GW_MSG_HANDLER: non known json data rxed.
I (371624) GW_MSG_HANDLER: Msg_handler Finish parse for msg_type = keep_alive_ack12
I (371624) GW_TCP_SERVER: tcp-02-04-msg dispatched continuing parse loop
W (371634) GW_TCP_DEBUG::: tcp-15-01-update last seen finish and lock
W (371644) GW_TCP_DEBUG::: tcp-35-01-time is 371644..
W (371644) GW_TCP_DEBUG::: tcp-15-02-update last seen finish and unlock
I (371654) GW_TCP_DEBUG::: tcp-before-lock sock =37
I (371654) GW_TCP_DEBUG::: tcp-after-lock sock =37
I (371664) GW_TCP_DEBUG::: tcp-loop start: sock: 37,  start_idx = 33,  rx_len = 33
I (371664) GW_TCP_SERVER: tcp-01-no new line in sock : 37, remain = 0
I (371674) GW_TCP_SERVER: tcp-03-01-compacting buffer : 0
I (376554) GW_TCP_SERVER: TCP__10__tcp rx all raw data:  :: len = 33,  raw = {"msg_type": "keep_alive_ack13"}

7B 22 6D 73 67 5F 74 79 70 65 22 3A 20 22 6B 65 65 70 5F 61 6C 69 76 65 5F 61 63 6B 31 33 22 7D 0A 
I (376564) GW_TCP_DEBUG::: tcp-loop start: sock: 37,  start_idx = 0,  rx_len = 33
I (376574) GW_TCP_DEBUG::: tco-loop-new-line-found: line_end_idx= 32
I (376574) GW_TCP_SERVER: tcp-01-03json: sock =37 , msg_len = 32, json = {"msg_type": "keep_alive_ack13"} 
I (376584) GW_TCP_SERVER: tcp-01-04-Rx JSON from sock 37 :: {"msg_type": "keep_alive_ack13"}
I (376594) GW_TCP_SERVER: tcp-02-03-dispatching to msg_handler : sock = 37.  role = 1,  json= {"msg_type": "keep_alive_ack13"}
I (376604) GW_MSG_HANDLER: Processing message from sock 37 (role=1): {"msg_type": "keep_alive_ack13"}
I (376614) GW_MSG_HANDLER: non known json data rxed.
I (376614) GW_MSG_HANDLER: Msg_handler Finish parse for msg_type = keep_alive_ack13
I (376624) GW_TCP_SERVER: tcp-02-04-msg dispatched continuing parse loop
W (376634) GW_TCP_DEBUG::: tcp-15-01-update last seen finish and lock
W (376634) GW_TCP_DEBUG::: tcp-35-01-time is 376634..
W (376644) GW_TCP_DEBUG::: tcp-15-02-update last seen finish and unlock
I (376644) GW_TCP_DEBUG::: tcp-before-lock sock =37
I (376654) GW_TCP_DEBUG::: tcp-after-lock sock =37
I (376654) GW_TCP_DEBUG::: tcp-loop start: sock: 37,  start_idx = 33,  rx_len = 33
I (376664) GW_TCP_SERVER: tcp-01-no new line in sock : 37, remain = 0
I (376674) GW_TCP_SERVER: tcp-03-01-compacting buffer : 0
I (381564) GW_TCP_SERVER: TCP__10__tcp rx all raw data:  :: len = 33,  raw = {"msg_type": "keep_alive_ack14"}

7B 22 6D 73 67 5F 74 79 70 65 22 3A 20 22 6B 65 65 70 5F 61 6C 69 76 65 5F 61 63 6B 31 34 22 7D 0A 
I (381564) GW_TCP_DEBUG::: tcp-loop start: sock: 37,  start_idx = 0,  rx_len = 33
I (381574) GW_TCP_DEBUG::: tco-loop-new-line-found: line_end_idx= 32
I (381584) GW_TCP_SERVER: tcp-01-03json: sock =37 , msg_len = 32, json = {"msg_type": "keep_alive_ack14"} 
I (381594) GW_TCP_SERVER: tcp-01-04-Rx JSON from sock 37 :: {"msg_type": "keep_alive_ack14"}
I (381594) GW_TCP_SERVER: tcp-02-03-dispatching to msg_handler : sock = 37.  role = 1,  json= {"msg_type": "keep_alive_ack14"}
I (381614) GW_MSG_HANDLER: Processing message from sock 37 (role=1): {"msg_type": "keep_alive_ack14"}
I (381614) GW_MSG_HANDLER: non known json data rxed.
I (381624) GW_MSG_HANDLER: Msg_handler Finish parse for msg_type = keep_alive_ack14
I (381634) GW_TCP_SERVER: tcp-02-04-msg dispatched continuing parse loop
W (381634) GW_TCP_DEBUG::: tcp-15-01-update last seen finish and lock
W (381644) GW_TCP_DEBUG::: tcp-35-01-time is 381644..
W (381644) GW_TCP_DEBUG::: tcp-15-02-update last seen finish and unlock
I (381654) GW_TCP_DEBUG::: tcp-before-lock sock =37
I (381664) GW_TCP_DEBUG::: tcp-after-lock sock =37
I (381664) GW_TCP_DEBUG::: tcp-loop start: sock: 37,  start_idx = 33,  rx_len = 33
I (381674) GW_TCP_SERVER: tcp-01-no new line in sock : 37, remain = 0
I (381674) GW_TCP_SERVER: tcp-03-01-compacting buffer : 0
I (386554) GW_TCP_SERVER: TCP__10__tcp rx all raw data:  :: len = 33,  raw = {"msg_type": "keep_alive_ack15"}

7B 22 6D 73 67 5F 74 79 70 65 22 3A 20 22 6B 65 65 70 5F 61 6C 69 76 65 5F 61 63 6B 31 35 22 7D 0A 
I (386564) GW_TCP_DEBUG::: tcp-loop start: sock: 37,  start_idx = 0,  rx_len = 33
I (386564) GW_TCP_DEBUG::: tco-loop-new-line-found: line_end_idx= 32
I (386574) GW_TCP_SERVER: tcp-01-03json: sock =37 , msg_len = 32, json = {"msg_type": "keep_alive_ack15"} 
I (386584) GW_TCP_SERVER: tcp-01-04-Rx JSON from sock 37 :: {"msg_type": "keep_alive_ack15"}
I (386594) GW_TCP_SERVER: tcp-02-03-dispatching to msg_handler : sock = 37.  role = 1,  json= {"msg_type": "keep_alive_ack15"}
I (386604) GW_MSG_HANDLER: Processing message from sock 37 (role=1): {"msg_type": "keep_alive_ack15"}
I (386614) GW_MSG_HANDLER: non known json data rxed.
I (386614) GW_MSG_HANDLER: Msg_handler Finish parse for msg_type = keep_alive_ack15
I (386624) GW_TCP_SERVER: tcp-02-04-msg dispatched continuing parse loop
W (386634) GW_TCP_DEBUG::: tcp-15-01-update last seen finish and lock
W (386634) GW_TCP_DEBUG::: tcp-35-01-time is 386634..
W (386644) GW_TCP_DEBUG::: tcp-15-02-update last seen finish and unlock
I (386644) GW_TCP_DEBUG::: tcp-before-lock sock =37
I (386654) GW_TCP_DEBUG::: tcp-after-lock sock =37
I (386654) GW_TCP_DEBUG::: tcp-loop start: sock: 37,  start_idx = 33,  rx_len = 33
I (386664) GW_TCP_SERVER: tcp-01-no new line in sock : 37, remain = 0
I (386674) GW_TCP_SERVER: tcp-03-01-compacting buffer : 0
I (391554) GW_TCP_SERVER: TCP__10__tcp rx all raw data:  :: len = 33,  raw = {"msg_type": "keep_alive_ack16"}

7B 22 6D 73 67 5F 74 79 70 65 22 3A 20 22 6B 65 65 70 5F 61 6C 69 76 65 5F 61 63 6B 31 36 22 7D 0A 
I (391564) GW_TCP_DEBUG::: tcp-loop start: sock: 37,  start_idx = 0,  rx_len = 33
I (391574) GW_TCP_DEBUG::: tco-loop-new-line-found: line_end_idx= 32
I (391574) GW_TCP_SERVER: tcp-01-03json: sock =37 , msg_len = 32, json = {"msg_type": "keep_alive_ack16"} 
I (391584) GW_TCP_SERVER: tcp-01-04-Rx JSON from sock 37 :: {"msg_type": "keep_alive_ack16"}
I (391594) GW_TCP_SERVER: tcp-02-03-dispatching to msg_handler : sock = 37.  role = 1,  json= {"msg_type": "keep_alive_ack16"}
I (391604) GW_MSG_HANDLER: Processing message from sock 37 (role=1): {"msg_type": "keep_alive_ack16"}
I (391614) GW_MSG_HANDLER: non known json data rxed.
I (391624) GW_MSG_HANDLER: Msg_handler Finish parse for msg_type = keep_alive_ack16
I (391624) GW_TCP_SERVER: tcp-02-04-msg dispatched continuing parse loop
W (391634) GW_TCP_DEBUG::: tcp-15-01-update last seen finish and lock
W (391644) GW_TCP_DEBUG::: tcp-35-01-time is 391644..
W (391644) GW_TCP_DEBUG::: tcp-15-02-update last seen finish and unlock
I (391654) GW_TCP_DEBUG::: tcp-before-lock sock =37
I (391654) GW_TCP_DEBUG::: tcp-after-lock sock =37
I (391664) GW_TCP_DEBUG::: tcp-loop start: sock: 37,  start_idx = 33,  rx_len = 33
I (391664) GW_TCP_SERVER: tcp-01-no new line in sock : 37, remain = 0
I (391674) GW_TCP_SERVER: tcp-03-01-compacting buffer : 0
I (396554) GW_TCP_SERVER: TCP__10__tcp rx all raw data:  :: len = 33,  raw = {"msg_type": "keep_alive_ack17"}

7B 22 6D 73 67 5F 74 79 70 65 22 3A 20 22 6B 65 65 70 5F 61 6C 69 76 65 5F 61 63 6B 31 37 22 7D 0A 
I (396564) GW_TCP_DEBUG::: tcp-loop start: sock: 37,  start_idx = 0,  rx_len = 33
I (396564) GW_TCP_DEBUG::: tco-loop-new-line-found: line_end_idx= 32
I (396574) GW_TCP_SERVER: tcp-01-03json: sock =37 , msg_len = 32, json = {"msg_type": "keep_alive_ack17"} 
I (396584) GW_TCP_SERVER: tcp-01-04-Rx JSON from sock 37 :: {"msg_type": "keep_alive_ack17"}
I (396594) GW_TCP_SERVER: tcp-02-03-dispatching to msg_handler : sock = 37.  role = 1,  json= {"msg_type": "keep_alive_ack17"}
I (396604) GW_MSG_HANDLER: Processing message from sock 37 (role=1): {"msg_type": "keep_alive_ack17"}
I (396614) GW_MSG_HANDLER: non known json data rxed.
I (396614) GW_MSG_HANDLER: Msg_handler Finish parse for msg_type = keep_alive_ack17
I (396624) GW_TCP_SERVER: tcp-02-04-msg dispatched continuing parse loop
W (396634) GW_TCP_DEBUG::: tcp-15-01-update last seen finish and lock
W (396634) GW_TCP_DEBUG::: tcp-35-01-time is 396634..
W (396644) GW_TCP_DEBUG::: tcp-15-02-update last seen finish and unlock
I (396644) GW_TCP_DEBUG::: tcp-before-lock sock =37
I (396654) GW_TCP_DEBUG::: tcp-after-lock sock =37
I (396654) GW_TCP_DEBUG::: tcp-loop start: sock: 37,  start_idx = 33,  rx_len = 33
I (396664) GW_TCP_SERVER: tcp-01-no new line in sock : 37, remain = 0
I (396674) GW_TCP_SERVER: tcp-03-01-compacting buffer : 0
I (401554) GW_TCP_SERVER: TCP__10__tcp rx all raw data:  :: len = 33,  raw = {"msg_type": "keep_alive_ack18"}

7B 22 6D 73 67 5F 74 79 70 65 22 3A 20 22 6B 65 65 70 5F 61 6C 69 76 65 5F 61 63 6B 31 38 22 7D 0A 
I (401564) GW_TCP_DEBUG::: tcp-loop start: sock: 37,  start_idx = 0,  rx_len = 33
I (401574) GW_TCP_DEBUG::: tco-loop-new-line-found: line_end_idx= 32
I (401574) GW_TCP_SERVER: tcp-01-03json: sock =37 , msg_len = 32, json = {"msg_type": "keep_alive_ack18"} 
I (401584) GW_TCP_SERVER: tcp-01-04-Rx JSON from sock 37 :: {"msg_type": "keep_alive_ack18"}
I (401594) GW_TCP_SERVER: tcp-02-03-dispatching to msg_handler : sock = 37.  role = 1,  json= {"msg_type": "keep_alive_ack18"}
I (401604) GW_MSG_HANDLER: Processing message from sock 37 (role=1): {"msg_type": "keep_alive_ack18"}
I (401614) GW_MSG_HANDLER: non known json data rxed.
I (401614) GW_MSG_HANDLER: Msg_handler Finish parse for msg_type = keep_alive_ack18
I (401624) GW_TCP_SERVER: tcp-02-04-msg dispatched continuing parse loop
W (401634) GW_TCP_DEBUG::: tcp-15-01-update last seen finish and lock
W (401634) GW_TCP_DEBUG::: tcp-35-01-time is 401634..
W (401644) GW_TCP_DEBUG::: tcp-15-02-update last seen finish and unlock
I (401654) GW_TCP_DEBUG::: tcp-before-lock sock =37
I (401654) GW_TCP_DEBUG::: tcp-after-lock sock =37
I (401654) GW_TCP_DEBUG::: tcp-loop start: sock: 37,  start_idx = 33,  rx_len = 33
I (401664) GW_TCP_SERVER: tcp-01-no new line in sock : 37, remain = 0
I (401674) GW_TCP_SERVER: tcp-03-01-compacting buffer : 0
I (406554) GW_TCP_SERVER: TCP__10__tcp rx all raw data:  :: len = 33,  raw = {"msg_type": "keep_alive_ack19"}

7B 22 6D 73 67 5F 74 79 70 65 22 3A 20 22 6B 65 65 70 5F 61 6C 69 76 65 5F 61 63 6B 31 39 22 7D 0A 
I (406564) GW_TCP_DEBUG::: tcp-loop start: sock: 37,  start_idx = 0,  rx_len = 33
I (406564) GW_TCP_DEBUG::: tco-loop-new-line-found: line_end_idx= 32
I (406574) GW_TCP_SERVER: tcp-01-03json: sock =37 , msg_len = 32, json = {"msg_type": "keep_alive_ack19"} 
I (406584) GW_TCP_SERVER: tcp-01-04-Rx JSON from sock 37 :: {"msg_type": "keep_alive_ack19"}
I (406594) GW_TCP_SERVER: tcp-02-03-dispatching to msg_handler : sock = 37.  role = 1,  json= {"msg_type": "keep_alive_ack19"}
I (406604) GW_MSG_HANDLER: Processing message from sock 37 (role=1): {"msg_type": "keep_alive_ack19"}
I (406614) GW_MSG_HANDLER: non known json data rxed.
I (406614) GW_MSG_HANDLER: Msg_handler Finish parse for msg_type = keep_alive_ack19
I (406624) GW_TCP_SERVER: tcp-02-04-msg dispatched continuing parse loop
W (406634) GW_TCP_DEBUG::: tcp-15-01-update last seen finish and lock
W (406634) GW_TCP_DEBUG::: tcp-35-01-time is 406634..
W (406644) GW_TCP_DEBUG::: tcp-15-02-update last seen finish and unlock
I (406644) GW_TCP_DEBUG::: tcp-before-lock sock =37
I (406654) GW_TCP_DEBUG::: tcp-after-lock sock =37
I (406654) GW_TCP_DEBUG::: tcp-loop start: sock: 37,  start_idx = 33,  rx_len = 33
I (406664) GW_TCP_SERVER: tcp-01-no new line in sock : 37, remain = 0
I (406674) GW_TCP_SERVER: tcp-03-01-compacting buffer : 0
I (411554) GW_TCP_SERVER: TCP__10__tcp rx all raw data:  :: len = 33,  raw = {"msg_type": "keep_alive_ack20"}

7B 22 6D 73 67 5F 74 79 70 65 22 3A 20 22 6B 65 65 70 5F 61 6C 69 76 65 5F 61 63 6B 32 30 22 7D 0A 
I (411564) GW_TCP_DEBUG::: tcp-loop start: sock: 37,  start_idx = 0,  rx_len = 33
I (411564) GW_TCP_DEBUG::: tco-loop-new-line-found: line_end_idx= 32
I (411574) GW_TCP_SERVER: tcp-01-03json: sock =37 , msg_len = 32, json = {"msg_type": "keep_alive_ack20"} 
I (411584) GW_TCP_SERVER: tcp-01-04-Rx JSON from sock 37 :: {"msg_type": "keep_alive_ack20"}
I (411594) GW_TCP_SERVER: tcp-02-03-dispatching to msg_handler : sock = 37.  role = 1,  json= {"msg_type": "keep_alive_ack20"}
I (411604) GW_MSG_HANDLER: Processing message from sock 37 (role=1): {"msg_type": "keep_alive_ack20"}
I (411614) GW_MSG_HANDLER: non known json data rxed.
I (411614) GW_MSG_HANDLER: Msg_handler Finish parse for msg_type = keep_alive_ack20
I (411624) GW_TCP_SERVER: tcp-02-04-msg dispatched continuing parse loop
W (411634) GW_TCP_DEBUG::: tcp-15-01-update last seen finish and lock
W (411634) GW_TCP_DEBUG::: tcp-35-01-time is 411634..
W (411644) GW_TCP_DEBUG::: tcp-15-02-update last seen finish and unlock
I (411644) GW_TCP_DEBUG::: tcp-before-lock sock =37
I (411654) GW_TCP_DEBUG::: tcp-after-lock sock =37
I (411654) GW_TCP_DEBUG::: tcp-loop start: sock: 37,  start_idx = 33,  rx_len = 33
I (411664) GW_TCP_SERVER: tcp-01-no new line in sock : 37, remain = 0
I (411674) GW_TCP_SERVER: tcp-03-01-compacting buffer : 0
I (416554) GW_TCP_SERVER: TCP__10__tcp rx all raw data:  :: len = 33,  raw = {"msg_type": "keep_alive_ack21"}

7B 22 6D 73 67 5F 74 79 70 65 22 3A 20 22 6B 65 65 70 5F 61 6C 69 76 65 5F 61 63 6B 32 31 22 7D 0A 
I (416564) GW_TCP_DEBUG::: tcp-loop start: sock: 37,  start_idx = 0,  rx_len = 33
I (416564) GW_TCP_DEBUG::: tco-loop-new-line-found: line_end_idx= 32
I (416574) GW_TCP_SERVER: tcp-01-03json: sock =37 , msg_len = 32, json = {"msg_type": "keep_alive_ack21"} 
I (416584) GW_TCP_SERVER: tcp-01-04-Rx JSON from sock 37 :: {"msg_type": "keep_alive_ack21"}
I (416594) GW_TCP_SERVER: tcp-02-03-dispatching to msg_handler : sock = 37.  role = 1,  json= {"msg_type": "keep_alive_ack21"}
I (416604) GW_MSG_HANDLER: Processing message from sock 37 (role=1): {"msg_type": "keep_alive_ack21"}
I (416614) GW_MSG_HANDLER: non known json data rxed.
I (416614) GW_MSG_HANDLER: Msg_handler Finish parse for msg_type = keep_alive_ack21
I (416624) GW_TCP_SERVER: tcp-02-04-msg dispatched continuing parse loop
W (416634) GW_TCP_DEBUG::: tcp-15-01-update last seen finish and lock
W (416634) GW_TCP_DEBUG::: tcp-35-01-time is 416634..
W (416644) GW_TCP_DEBUG::: tcp-15-02-update last seen finish and unlock
I (416644) GW_TCP_DEBUG::: tcp-before-lock sock =37
I (416654) GW_TCP_DEBUG::: tcp-after-lock sock =37
I (416654) GW_TCP_DEBUG::: tcp-loop start: sock: 37,  start_idx = 33,  rx_len = 33
I (416664) GW_TCP_SERVER: tcp-01-no new line in sock : 37, remain = 0
I (416674) GW_TCP_SERVER: tcp-03-01-compacting buffer : 0
I (421554) GW_TCP_SERVER: TCP__10__tcp rx all raw data:  :: len = 33,  raw = {"msg_type": "keep_alive_ack22"}

7B 22 6D 73 67 5F 74 79 70 65 22 3A 20 22 6B 65 65 70 5F 61 6C 69 76 65 5F 61 63 6B 32 32 22 7D 0A 
I (421564) GW_TCP_DEBUG::: tcp-loop start: sock: 37,  start_idx = 0,  rx_len = 33
I (421574) GW_TCP_DEBUG::: tco-loop-new-line-found: line_end_idx= 32
I (421574) GW_TCP_SERVER: tcp-01-03json: sock =37 , msg_len = 32, json = {"msg_type": "keep_alive_ack22"} 
I (421584) GW_TCP_SERVER: tcp-01-04-Rx JSON from sock 37 :: {"msg_type": "keep_alive_ack22"}
I (421594) GW_TCP_SERVER: tcp-02-03-dispatching to msg_handler : sock = 37.  role = 1,  json= {"msg_type": "keep_alive_ack22"}
I (421604) GW_MSG_HANDLER: Processing message from sock 37 (role=1): {"msg_type": "keep_alive_ack22"}
I (421614) GW_MSG_HANDLER: non known json data rxed.
I (421614) GW_MSG_HANDLER: Msg_handler Finish parse for msg_type = keep_alive_ack22
I (421624) GW_TCP_SERVER: tcp-02-04-msg dispatched continuing parse loop
W (421634) GW_TCP_DEBUG::: tcp-15-01-update last seen finish and lock
W (421634) GW_TCP_DEBUG::: tcp-35-01-time is 421634..
W (421644) GW_TCP_DEBUG::: tcp-15-02-update last seen finish and unlock
I (421644) GW_TCP_DEBUG::: tcp-before-lock sock =37
I (421654) GW_TCP_DEBUG::: tcp-after-lock sock =37
I (421654) GW_TCP_DEBUG::: tcp-loop start: sock: 37,  start_idx = 33,  rx_len = 33
I (421664) GW_TCP_SERVER: tcp-01-no new line in sock : 37, remain = 0
I (421674) GW_TCP_SERVER: tcp-03-01-compacting buffer : 0

maochun@MMMBP ota_gw % 